KeyPointNum,17,,,,,,,,,,,,,,,,
KeyPointData,0,93,193,243,293,343,393,450,514,530,550,580,612,662,712,764,816
,,,,,,,,,,,,,,,,,
,,,,,,,,,,,,,,,,,
ZoomNum,817,,,,,,,,,,,,,,,,
NormalMapNum,7,,,,,,,,,,,,,,,,
IRMapNum,0,,,,,,,,,,,,,,,,
,,,,,,,,,,,,,,,,,
,NormalMap,NormalMap,NormalMap,NormalMap,NormalMap,NormalMap,NormalMap,,,,,,,,,,
Distance(mm),50,100,200,300,500,1000,6000,,,,,,,,,,
0,290,387,437,454,467,476,480,,,,,,,,,,
1,319,416,466,483,496,505,509,,,,,,,,,,
2,348,444,495,512,525,534,538,,,,,,,,,,
3,376,473,523,540,553,562,567,,,,,,,,,,
4,405,501,552,569,582,591,595,,,,,,,,,,
5,433,530,580,597,610,619,624,,,,,,,,,,
6,461,558,608,625,638,647,652,,,,,,,,,,
7,489,586,636,653,666,675,680,,,,,,,,,,
8,517,614,664,681,694,703,708,,,,,,,,,,
9,545,642,692,709,722,731,736,,,,,,,,,,
10,573,670,720,737,750,759,764,,,,,,,,,,
11,601,697,748,765,777,787,792,,,,,,,,,,
12,628,725,775,792,805,814,819,,,,,,,,,,
13,655,752,803,820,832,841,847,,,,,,,,,,
14,683,779,830,847,859,869,874,,,,,,,,,,
15,710,806,857,874,887,896,902,,,,,,,,,,
16,737,833,884,901,914,923,929,,,,,,,,,,
17,764,860,911,928,941,950,956,,,,,,,,,,
18,791,887,938,955,967,977,983,,,,,,,,,,
19,817,914,965,982,994,1003,1009,,,,,,,,,,
20,844,940,991,1008,1021,1030,1036,,,,,,,,,,
21,870,967,1018,1035,1047,1056,1063,,,,,,,,,,
22,897,993,1044,1061,1073,1083,1089,,,,,,,,,,
23,923,1019,1070,1087,1099,1109,1115,,,,,,,,,,
24,949,1045,1096,1113,1126,1135,1141,,,,,,,,,,
25,975,1071,1122,1139,1152,1161,1168,,,,,,,,,,
26,1001,1097,1148,1165,1177,1187,1194,,,,,,,,,,
27,1027,1123,1174,1191,1203,1213,1219,,,,,,,,,,
28,1052,1148,1200,1217,1229,1238,1245,,,,,,,,,,
29,1078,1174,1225,1242,1254,1264,1271,,,,,,,,,,
30,1103,1199,1251,1268,1280,1289,1296,,,,,,,,,,
31,1129,1225,1276,1293,1305,1315,1322,,,,,,,,,,
32,1154,1250,1301,1318,1330,1340,1347,,,,,,,,,,
33,1179,1275,1326,1343,1355,1365,1372,,,,,,,,,,
34,1204,1300,1351,1368,1380,1390,1397,,,,,,,,,,
35,1229,1325,1376,1393,1405,1415,1422,,,,,,,,,,
36,1254,1350,1401,1418,1430,1439,1447,,,,,,,,,,
37,1278,1374,1426,1443,1455,1464,1472,,,,,,,,,,
38,1303,1399,1450,1467,1479,1489,1496,,,,,,,,,,
39,1327,1423,1475,1492,1503,1513,1521,,,,,,,,,,
40,1352,1447,1499,1516,1528,1537,1545,,,,,,,,,,
41,1376,1472,1523,1540,1552,1562,1569,,,,,,,,,,
42,1400,1496,1547,1564,1576,1586,1594,,,,,,,,,,
43,1424,1520,1571,1588,1600,1610,1618,,,,,,,,,,
44,1448,1544,1595,1612,1624,1634,1642,,,,,,,,,,
45,1472,1567,1619,1636,1648,1657,1666,,,,,,,,,,
46,1495,1591,1643,1660,1671,1681,1689,,,,,,,,,,
47,1519,1615,1666,1683,1695,1705,1713,,,,,,,,,,
48,1542,1638,1690,1707,1718,1728,1736,,,,,,,,,,
49,1566,1661,1713,1730,1742,1751,1760,,,,,,,,,,
50,1589,1685,1736,1753,1765,1775,1783,,,,,,,,,,
51,1612,1708,1759,1776,1788,1798,1806,,,,,,,,,,
52,1635,1731,1782,1799,1811,1821,1829,,,,,,,,,,
53,1658,1754,1805,1822,1834,1844,1852,,,,,,,,,,
54,1681,1777,1828,1845,1857,1867,1875,,,,,,,,,,
55,1704,1799,1851,1868,1880,1889,1898,,,,,,,,,,
56,1726,1822,1874,1890,1902,1912,1921,,,,,,,,,,
57,1749,1844,1896,1913,1925,1935,1943,,,,,,,,,,
58,1771,1867,1918,1935,1947,1957,1966,,,,,,,,,,
59,1793,1889,1941,1958,1970,1979,1988,,,,,,,,,,
60,1816,1911,1963,1980,1992,2002,2010,,,,,,,,,,
61,1838,1933,1985,2002,2014,2024,2033,,,,,,,,,,
62,1860,1956,2007,2024,2036,2046,2055,,,,,,,,,,
63,1882,1977,2029,2046,2058,2068,2077,,,,,,,,,,
64,1903,1999,2051,2068,2080,2089,2099,,,,,,,,,,
65,1925,2021,2073,2089,2101,2111,2120,,,,,,,,,,
66,1947,2043,2094,2111,2123,2133,2142,,,,,,,,,,
67,1968,2064,2116,2133,2144,2154,2163,,,,,,,,,,
68,1990,2086,2137,2154,2166,2176,2185,,,,,,,,,,
69,2011,2107,2158,2175,2187,2197,2206,,,,,,,,,,
70,2032,2128,2180,2196,2208,2218,2228,,,,,,,,,,
71,2053,2149,2201,2218,2229,2239,2249,,,,,,,,,,
72,2074,2170,2222,2239,2250,2260,2270,,,,,,,,,,
73,2095,2191,2243,2260,2271,2281,2291,,,,,,,,,,
74,2116,2212,2263,2280,2292,2302,2312,,,,,,,,,,
75,2137,2233,2284,2301,2313,2323,2332,,,,,,,,,,
76,2158,2253,2305,2322,2334,2343,2353,,,,,,,,,,
77,2178,2274,2325,2342,2354,2364,2374,,,,,,,,,,
78,2199,2294,2346,2363,2375,2384,2394,,,,,,,,,,
79,2219,2315,2366,2383,2395,2405,2414,,,,,,,,,,
80,2239,2335,2386,2403,2415,2425,2435,,,,,,,,,,
81,2259,2355,2406,2423,2435,2445,2455,,,,,,,,,,
82,2279,2375,2427,2443,2455,2465,2475,,,,,,,,,,
83,2299,2395,2446,2463,2475,2485,2495,,,,,,,,,,
84,2319,2415,2466,2483,2495,2505,2515,,,,,,,,,,
85,2339,2435,2486,2503,2515,2525,2535,,,,,,,,,,
86,2359,2455,2506,2523,2535,2545,2555,,,,,,,,,,
87,2378,2474,2525,2542,2554,2564,2574,,,,,,,,,,
88,2398,2494,2545,2562,2574,2584,2594,,,,,,,,,,
89,2417,2513,2564,2581,2593,2603,2613,,,,,,,,,,
90,2437,2533,2584,2601,2613,2623,2632,,,,,,,,,,
91,2456,2552,2603,2620,2632,2642,2652,,,,,,,,,,
92,2475,2571,2622,2639,2651,2661,2671,,,,,,,,,,
93,2494,2590,2641,2658,2670,2680,2690,,,,,,,,,,
94,2513,2609,2660,2677,2689,2699,2709,,,,,,,,,,
95,2532,2628,2679,2696,2708,2718,2728,,,,,,,,,,
96,2551,2647,2698,2715,2727,2737,2747,,,,,,,,,,
97,2569,2665,2716,2733,2745,2755,2765,,,,,,,,,,
98,2588,2684,2735,2752,2764,2774,2784,,,,,,,,,,
99,2606,2703,2753,2770,2782,2792,2803,,,,,,,,,,
100,2625,2721,2772,2789,2801,2811,2821,,,,,,,,,,
101,2643,2739,2790,2807,2819,2829,2839,,,,,,,,,,
102,2662,2758,2808,2825,2838,2848,2858,,,,,,,,,,
103,2680,2776,2827,2844,2856,2866,2876,,,,,,,,,,
104,2698,2794,2845,2862,2874,2884,2894,,,,,,,,,,
105,2716,2812,2863,2880,2892,2902,2912,,,,,,,,,,
106,2734,2830,2881,2898,2910,2920,2930,,,,,,,,,,
107,2752,2848,2898,2915,2928,2938,2948,,,,,,,,,,
108,2769,2866,2916,2933,2945,2955,2966,,,,,,,,,,
109,2787,2883,2934,2951,2963,2973,2983,,,,,,,,,,
110,2805,2901,2951,2968,2981,2991,3001,,,,,,,,,,
111,2822,2918,2969,2986,2998,3008,3018,,,,,,,,,,
112,2839,2936,2986,3003,3015,3026,3036,,,,,,,,,,
113,2857,2953,3003,3021,3033,3043,3053,,,,,,,,,,
114,2874,2970,3021,3038,3050,3060,3070,,,,,,,,,,
115,2891,2988,3038,3055,3067,3077,3088,,,,,,,,,,
116,2908,3005,3055,3072,3084,3094,3105,,,,,,,,,,
117,2925,3022,3072,3089,3101,3111,3122,,,,,,,,,,
118,2942,3039,3089,3106,3118,3128,3139,,,,,,,,,,
119,2959,3056,3106,3123,3135,3145,3155,,,,,,,,,,
120,2976,3072,3122,3140,3152,3162,3172,,,,,,,,,,
121,2993,3089,3139,3156,3169,3179,3189,,,,,,,,,,
122,3009,3106,3156,3173,3185,3195,3206,,,,,,,,,,
123,3026,3122,3172,3189,3202,3212,3222,,,,,,,,,,
124,3042,3139,3189,3206,3218,3228,3239,,,,,,,,,,
125,3058,3155,3205,3222,3234,3245,3255,,,,,,,,,,
126,3075,3171,3221,3238,3251,3261,3271,,,,,,,,,,
127,3091,3188,3237,3255,3267,3277,3287,,,,,,,,,,
128,3107,3204,3254,3271,3283,3293,3304,,,,,,,,,,
129,3123,3220,3270,3287,3299,3309,3320,,,,,,,,,,
130,3139,3236,3286,3303,3315,3325,3336,,,,,,,,,,
131,3155,3252,3301,3319,3331,3341,3351,,,,,,,,,,
132,3171,3268,3317,3334,3347,3357,3367,,,,,,,,,,
133,3187,3283,3333,3350,3363,3373,3383,,,,,,,,,,
134,3202,3299,3349,3366,3378,3388,3399,,,,,,,,,,
135,3218,3315,3364,3381,3394,3404,3414,,,,,,,,,,
136,3233,3330,3380,3397,3409,3420,3430,,,,,,,,,,
137,3249,3346,3395,3412,3425,3435,3445,,,,,,,,,,
138,3264,3361,3411,3428,3440,3450,3461,,,,,,,,,,
139,3280,3376,3426,3443,3456,3466,3476,,,,,,,,,,
140,3295,3392,3441,3458,3471,3481,3491,,,,,,,,,,
141,3310,3407,3456,3473,3486,3496,3506,,,,,,,,,,
142,3325,3422,3471,3488,3501,3511,3521,,,,,,,,,,
143,3340,3437,3486,3503,3516,3526,3536,,,,,,,,,,
144,3355,3452,3501,3518,3531,3541,3551,,,,,,,,,,
145,3370,3467,3516,3533,3546,3556,3566,,,,,,,,,,
146,3385,3482,3531,3548,3561,3571,3581,,,,,,,,,,
147,3399,3497,3546,3563,3575,3586,3596,,,,,,,,,,
148,3414,3511,3560,3577,3590,3600,3610,,,,,,,,,,
149,3429,3526,3575,3592,3605,3615,3625,,,,,,,,,,
150,3443,3540,3589,3607,3619,3629,3640,,,,,,,,,,
151,3458,3555,3604,3621,3634,3644,3654,,,,,,,,,,
152,3472,3569,3618,3635,3648,3658,3668,,,,,,,,,,
153,3486,3584,3632,3650,3662,3672,3683,,,,,,,,,,
154,3501,3598,3647,3664,3677,3687,3697,,,,,,,,,,
155,3515,3612,3661,3678,3691,3701,3711,,,,,,,,,,
156,3529,3626,3675,3692,3705,3715,3725,,,,,,,,,,
157,3543,3640,3689,3706,3719,3729,3739,,,,,,,,,,
158,3557,3654,3703,3720,3733,3743,3753,,,,,,,,,,
159,3571,3668,3717,3734,3747,3757,3767,,,,,,,,,,
160,3585,3682,3731,3748,3761,3771,3781,,,,,,,,,,
161,3598,3696,3745,3762,3775,3785,3795,,,,,,,,,,
162,3612,3710,3758,3775,3788,3798,3808,,,,,,,,,,
163,3626,3723,3772,3789,3802,3812,3822,,,,,,,,,,
164,3639,3737,3785,3803,3815,3826,3836,,,,,,,,,,
165,3653,3750,3799,3816,3829,3839,3849,,,,,,,,,,
166,3666,3764,3812,3830,3842,3852,3863,,,,,,,,,,
167,3680,3777,3826,3843,3856,3866,3876,,,,,,,,,,
168,3693,3791,3839,3856,3869,3879,3889,,,,,,,,,,
169,3706,3804,3852,3870,3882,3892,3903,,,,,,,,,,
170,3720,3817,3866,3883,3896,3906,3916,,,,,,,,,,
171,3733,3830,3879,3896,3909,3919,3929,,,,,,,,,,
172,3746,3843,3892,3909,3922,3932,3942,,,,,,,,,,
173,3759,3856,3905,3922,3935,3945,3955,,,,,,,,,,
174,3772,3869,3918,3935,3948,3958,3968,,,,,,,,,,
175,3785,3882,3931,3948,3961,3971,3981,,,,,,,,,,
176,3798,3895,3944,3961,3974,3984,3994,,,,,,,,,,
177,3810,3908,3956,3973,3986,3996,4007,,,,,,,,,,
178,3823,3921,3969,3986,3999,4009,4019,,,,,,,,,,
179,3836,3933,3982,3999,4012,4022,4032,,,,,,,,,,
180,3848,3946,3994,4011,4024,4034,4044,,,,,,,,,,
181,3861,3959,4007,4024,4037,4047,4057,,,,,,,,,,
182,3873,3971,4019,4036,4049,4059,4069,,,,,,,,,,
183,3886,3984,4032,4049,4062,4072,4082,,,,,,,,,,
184,3898,3996,4044,4061,4074,4084,4094,,,,,,,,,,
185,3910,4008,4056,4074,4087,4097,4107,,,,,,,,,,
186,3923,4021,4069,4086,4099,4109,4119,,,,,,,,,,
187,3935,4033,4081,4098,4111,4121,4131,,,,,,,,,,
188,3947,4045,4093,4110,4123,4133,4143,,,,,,,,,,
189,3959,4057,4105,4122,4135,4145,4155,,,,,,,,,,
190,3971,4069,4117,4134,4147,4157,4167,,,,,,,,,,
191,3983,4081,4129,4146,4159,4169,4179,,,,,,,,,,
192,3995,4093,4141,4158,4171,4181,4191,,,,,,,,,,
193,4007,4105,4153,4170,4183,4193,4203,,,,,,,,,,
194,4019,4117,4165,4182,4195,4205,4215,,,,,,,,,,
195,4031,4129,4177,4194,4207,4217,4227,,,,,,,,,,
196,4042,4140,4188,4205,4218,4228,4238,,,,,,,,,,
197,4054,4152,4200,4217,4230,4240,4250,,,,,,,,,,
198,4066,4164,4212,4229,4242,4252,4262,,,,,,,,,,
199,4077,4175,4223,4240,4253,4263,4273,,,,,,,,,,
200,4089,4187,4235,4252,4265,4275,4285,,,,,,,,,,
201,4100,4198,4246,4263,4276,4286,4296,,,,,,,,,,
202,4111,4210,4258,4274,4287,4297,4307,,,,,,,,,,
203,4123,4221,4269,4286,4299,4309,4319,,,,,,,,,,
204,4134,4232,4280,4297,4310,4320,4330,,,,,,,,,,
205,4145,4244,4291,4308,4321,4331,4341,,,,,,,,,,
206,4157,4255,4303,4320,4332,4342,4352,,,,,,,,,,
207,4168,4266,4314,4331,4344,4354,4364,,,,,,,,,,
208,4179,4277,4325,4342,4355,4365,4375,,,,,,,,,,
209,4190,4288,4336,4353,4366,4376,4386,,,,,,,,,,
210,4201,4299,4347,4364,4377,4387,4397,,,,,,,,,,
211,4212,4310,4358,4375,4388,4398,4408,,,,,,,,,,
212,4223,4321,4369,4386,4398,4408,4418,,,,,,,,,,
213,4233,4332,4380,4396,4409,4419,4429,,,,,,,,,,
214,4244,4342,4390,4407,4420,4430,4440,,,,,,,,,,
215,4255,4353,4401,4418,4431,4441,4451,,,,,,,,,,
216,4266,4364,4412,4429,4441,4451,4461,,,,,,,,,,
217,4276,4375,4423,4439,4452,4462,4472,,,,,,,,,,
218,4287,4385,4433,4450,4463,4473,4483,,,,,,,,,,
219,4297,4396,4444,4460,4473,4483,4493,,,,,,,,,,
220,4308,4406,4454,4471,4484,4494,4504,,,,,,,,,,
221,4318,4417,4465,4481,4494,4504,4514,,,,,,,,,,
222,4329,4427,4475,4492,4504,4514,4524,,,,,,,,,,
223,4339,4437,4485,4502,4515,4525,4535,,,,,,,,,,
224,4349,4448,4496,4512,4525,4535,4545,,,,,,,,,,
225,4360,4458,4506,4523,4535,4545,4555,,,,,,,,,,
226,4370,4468,4516,4533,4545,4555,4565,,,,,,,,,,
227,4380,4478,4526,4543,4556,4566,4575,,,,,,,,,,
228,4390,4488,4536,4553,4566,4576,4586,,,,,,,,,,
229,4400,4498,4546,4563,4576,4586,4596,,,,,,,,,,
230,4410,4508,4556,4573,4586,4596,4606,,,,,,,,,,
231,4420,4518,4566,4583,4596,4606,4616,,,,,,,,,,
232,4430,4528,4576,4593,4606,4616,4625,,,,,,,,,,
233,4440,4538,4586,4603,4615,4625,4635,,,,,,,,,,
234,4450,4548,4596,4613,4625,4635,4645,,,,,,,,,,
235,4459,4558,4606,4622,4635,4645,4655,,,,,,,,,,
236,4469,4567,4616,4632,4645,4655,4665,,,,,,,,,,
237,4479,4577,4625,4642,4654,4664,4674,,,,,,,,,,
238,4488,4587,4635,4651,4664,4674,4684,,,,,,,,,,
239,4498,4596,4644,4661,4674,4683,4693,,,,,,,,,,
240,4507,4606,4654,4670,4683,4693,4703,,,,,,,,,,
241,4517,4615,4664,4680,4693,4702,4712,,,,,,,,,,
242,4526,4625,4673,4689,4702,4712,4722,,,,,,,,,,
243,4536,4634,4682,4699,4711,4721,4731,,,,,,,,,,
244,4545,4643,4692,4708,4721,4731,4741,,,,,,,,,,
245,4554,4653,4701,4717,4730,4740,4750,,,,,,,,,,
246,4564,4662,4710,4727,4739,4749,4759,,,,,,,,,,
247,4573,4671,4720,4736,4748,4758,4768,,,,,,,,,,
248,4582,4680,4729,4745,4758,4768,4777,,,,,,,,,,
249,4591,4689,4738,4754,4767,4777,4787,,,,,,,,,,
250,4600,4699,4747,4763,4776,4786,4796,,,,,,,,,,
251,4609,4708,4756,4772,4785,4795,4805,,,,,,,,,,
252,4618,4717,4765,4781,4794,4804,4814,,,,,,,,,,
253,4627,4726,4774,4790,4803,4813,4823,,,,,,,,,,
254,4636,4734,4783,4799,4812,4822,4831,,,,,,,,,,
255,4645,4743,4792,4808,4820,4830,4840,,,,,,,,,,
256,4654,4752,4801,4817,4829,4839,4849,,,,,,,,,,
257,4663,4761,4809,4826,4838,4848,4858,,,,,,,,,,
258,4671,4770,4818,4834,4847,4857,4867,,,,,,,,,,
259,4680,4778,4827,4843,4855,4865,4875,,,,,,,,,,
260,4689,4787,4836,4852,4864,4874,4884,,,,,,,,,,
261,4697,4796,4844,4860,4873,4883,4892,,,,,,,,,,
262,4706,4804,4853,4869,4881,4891,4901,,,,,,,,,,
263,4714,4813,4861,4877,4890,4900,4910,,,,,,,,,,
264,4723,4821,4870,4886,4898,4908,4918,,,,,,,,,,
265,4731,4829,4878,4894,4907,4916,4926,,,,,,,,,,
266,4740,4838,4887,4903,4915,4925,4935,,,,,,,,,,
267,4748,4846,4895,4911,4923,4933,4943,,,,,,,,,,
268,4756,4854,4903,4919,4932,4942,4951,,,,,,,,,,
269,4765,4863,4912,4928,4940,4950,4960,,,,,,,,,,
270,4773,4871,4920,4936,4948,4958,4968,,,,,,,,,,
271,4781,4879,4928,4944,4956,4966,4976,,,,,,,,,,
272,4789,4887,4936,4952,4964,4974,4984,,,,,,,,,,
273,4797,4895,4944,4960,4972,4982,4992,,,,,,,,,,
274,4805,4903,4952,4968,4980,4990,5000,,,,,,,,,,
275,4813,4911,4960,4976,4988,4998,5008,,,,,,,,,,
276,4821,4919,4968,4984,4996,5006,5016,,,,,,,,,,
277,4829,4927,4976,4992,5004,5014,5024,,,,,,,,,,
278,4837,4935,4984,5000,5012,5022,5032,,,,,,,,,,
279,4845,4943,4992,5008,5020,5030,5040,,,,,,,,,,
280,4853,4951,5000,5016,5028,5038,5048,,,,,,,,,,
281,4861,4959,5008,5024,5036,5046,5056,,,,,,,,,,
282,4868,4966,5015,5031,5043,5053,5063,,,,,,,,,,
283,4876,4974,5023,5039,5051,5061,5071,,,,,,,,,,
284,4884,4982,5031,5047,5059,5069,5079,,,,,,,,,,
285,4891,4989,5038,5054,5066,5076,5086,,,,,,,,,,
286,4899,4997,5046,5062,5074,5084,5094,,,,,,,,,,
287,4906,5005,5054,5070,5082,5092,5102,,,,,,,,,,
288,4914,5012,5061,5077,5089,5099,5109,,,,,,,,,,
289,4921,5020,5068,5084,5097,5107,5116,,,,,,,,,,
290,4929,5027,5076,5092,5104,5114,5124,,,,,,,,,,
291,4936,5034,5083,5099,5111,5121,5131,,,,,,,,,,
292,4944,5042,5091,5107,5119,5129,5139,,,,,,,,,,
293,4951,5049,5098,5114,5126,5136,5146,,,,,,,,,,
294,4958,5056,5105,5121,5133,5143,5153,,,,,,,,,,
295,4966,5064,5113,5129,5141,5151,5161,,,,,,,,,,
296,4973,5071,5120,5136,5148,5158,5168,,,,,,,,,,
297,4980,5078,5127,5143,5155,5165,5175,,,,,,,,,,
298,4987,5085,5134,5150,5162,5172,5182,,,,,,,,,,
299,4994,5092,5141,5157,5169,5179,5189,,,,,,,,,,
300,5001,5099,5148,5164,5176,5186,5196,,,,,,,,,,
301,5008,5106,5155,5171,5183,5193,5203,,,,,,,,,,
302,5015,5113,5162,5178,5190,5200,5210,,,,,,,,,,
303,5022,5120,5169,5185,5197,5207,5217,,,,,,,,,,
304,5029,5127,5176,5192,5204,5214,5224,,,,,,,,,,
305,5036,5134,5183,5199,5211,5221,5231,,,,,,,,,,
306,5043,5141,5190,5206,5218,5228,5238,,,,,,,,,,
307,5050,5148,5197,5213,5225,5235,5245,,,,,,,,,,
308,5056,5154,5203,5219,5231,5241,5251,,,,,,,,,,
309,5063,5161,5210,5226,5238,5248,5258,,,,,,,,,,
310,5070,5168,5217,5233,5245,5255,5265,,,,,,,,,,
311,5077,5174,5223,5239,5251,5262,5272,,,,,,,,,,
312,5083,5181,5230,5246,5258,5268,5278,,,,,,,,,,
313,5090,5188,5237,5253,5265,5275,5285,,,,,,,,,,
314,5096,5194,5243,5259,5271,5281,5291,,,,,,,,,,
315,5103,5201,5250,5266,5278,5288,5298,,,,,,,,,,
316,5109,5207,5256,5272,5284,5294,5304,,,,,,,,,,
317,5116,5214,5263,5279,5291,5301,5311,,,,,,,,,,
318,5122,5220,5269,5285,5297,5307,5317,,,,,,,,,,
319,5129,5226,5275,5292,5304,5314,5324,,,,,,,,,,
320,5135,5233,5282,5298,5310,5320,5330,,,,,,,,,,
321,5141,5239,5288,5304,5316,5326,5336,,,,,,,,,,
322,5148,5245,5294,5310,5323,5333,5343,,,,,,,,,,
323,5154,5252,5301,5317,5329,5339,5349,,,,,,,,,,
324,5160,5258,5307,5323,5335,5345,5355,,,,,,,,,,
325,5166,5264,5313,5329,5341,5351,5361,,,,,,,,,,
326,5173,5270,5319,5335,5347,5357,5367,,,,,,,,,,
327,5179,5276,5325,5341,5353,5364,5374,,,,,,,,,,
328,5185,5282,5331,5347,5360,5370,5380,,,,,,,,,,
329,5191,5288,5337,5353,5366,5376,5386,,,,,,,,,,
330,5197,5294,5343,5360,5372,5382,5392,,,,,,,,,,
331,5203,5300,5349,5365,5378,5388,5398,,,,,,,,,,
332,5209,5306,5355,5371,5384,5394,5404,,,,,,,,,,
333,5215,5312,5361,5377,5390,5400,5410,,,,,,,,,,
334,5221,5318,5367,5383,5395,5405,5416,,,,,,,,,,
335,5226,5324,5373,5389,5401,5411,5421,,,,,,,,,,
336,5232,5330,5379,5395,5407,5417,5427,,,,,,,,,,
337,5238,5336,5384,5401,5413,5423,5433,,,,,,,,,,
338,5244,5341,5390,5406,5419,5429,5439,,,,,,,,,,
339,5250,5347,5396,5412,5424,5434,5445,,,,,,,,,,
340,5255,5353,5402,5418,5430,5440,5450,,,,,,,,,,
341,5261,5358,5407,5424,5436,5446,5456,,,,,,,,,,
342,5267,5364,5413,5429,5441,5451,5462,,,,,,,,,,
343,5272,5370,5418,5435,5447,5457,5467,,,,,,,,,,
344,5278,5375,5424,5440,5453,5463,5473,,,,,,,,,,
345,5283,5381,5429,5446,5458,5468,5478,,,,,,,,,,
346,5289,5386,5435,5451,5464,5474,5484,,,,,,,,,,
347,5294,5392,5440,5457,5469,5479,5489,,,,,,,,,,
348,5300,5397,5446,5462,5475,5485,5495,,,,,,,,,,
349,5305,5403,5451,5468,5480,5490,5500,,,,,,,,,,
350,5311,5408,5457,5473,5485,5495,5506,,,,,,,,,,
351,5316,5413,5462,5478,5491,5501,5511,,,,,,,,,,
352,5321,5419,5467,5484,5496,5506,5516,,,,,,,,,,
353,5327,5424,5472,5489,5501,5511,5522,,,,,,,,,,
354,5332,5429,5478,5494,5507,5517,5527,,,,,,,,,,
355,5337,5434,5483,5499,5512,5522,5532,,,,,,,,,,
356,5342,5440,5488,5505,5517,5527,5537,,,,,,,,,,
357,5347,5445,5493,5510,5522,5532,5542,,,,,,,,,,
358,5353,5450,5498,5515,5527,5538,5548,,,,,,,,,,
359,5358,5455,5503,5520,5533,5543,5553,,,,,,,,,,
360,5363,5460,5509,5525,5538,5548,5558,,,,,,,,,,
361,5368,5465,5514,5530,5543,5553,5563,,,,,,,,,,
362,5373,5470,5519,5535,5548,5558,5568,,,,,,,,,,
363,5378,5475,5524,5540,5553,5563,5573,,,,,,,,,,
364,5383,5480,5529,5545,5558,5568,5578,,,,,,,,,,
365,5388,5485,5533,5550,5563,5573,5583,,,,,,,,,,
366,5393,5490,5538,5555,5568,5578,5588,,,,,,,,,,
367,5398,5495,5543,5560,5572,5583,5593,,,,,,,,,,
368,5403,5500,5548,5565,5577,5587,5597,,,,,,,,,,
369,5407,5505,5553,5570,5582,5592,5602,,,,,,,,,,
370,5412,5509,5558,5574,5587,5597,5607,,,,,,,,,,
371,5417,5514,5562,5579,5592,5602,5612,,,,,,,,,,
372,5422,5519,5567,5584,5597,5607,5617,,,,,,,,,,
373,5426,5524,5572,5589,5601,5611,5621,,,,,,,,,,
374,5431,5528,5576,5593,5606,5616,5626,,,,,,,,,,
375,5436,5533,5581,5598,5611,5621,5631,,,,,,,,,,
376,5440,5537,5586,5602,5615,5625,5635,,,,,,,,,,
377,5445,5542,5590,5607,5620,5630,5640,,,,,,,,,,
378,5450,5547,5595,5612,5624,5634,5645,,,,,,,,,,
379,5454,5551,5599,5616,5629,5639,5649,,,,,,,,,,
380,5459,5556,5604,5621,5634,5644,5654,,,,,,,,,,
381,5463,5560,5608,5625,5638,5648,5658,,,,,,,,,,
382,5468,5565,5613,5630,5642,5653,5663,,,,,,,,,,
383,5472,5569,5617,5634,5647,5657,5667,,,,,,,,,,
384,5476,5573,5622,5639,5651,5661,5671,,,,,,,,,,
385,5481,5578,5626,5643,5656,5666,5676,,,,,,,,,,
386,5485,5582,5630,5647,5660,5670,5680,,,,,,,,,,
387,5490,5587,5635,5652,5664,5675,5685,,,,,,,,,,
388,5494,5591,5639,5656,5669,5679,5689,,,,,,,,,,
389,5498,5595,5643,5660,5673,5683,5693,,,,,,,,,,
390,5502,5599,5647,5664,5677,5687,5697,,,,,,,,,,
391,5507,5604,5652,5669,5682,5692,5702,,,,,,,,,,
392,5511,5608,5656,5673,5686,5696,5706,,,,,,,,,,
393,5515,5612,5660,5677,5690,5700,5710,,,,,,,,,,
394,5519,5616,5664,5681,5694,5704,5714,,,,,,,,,,
395,5523,5620,5668,5685,5698,5708,5718,,,,,,,,,,
396,5527,5624,5672,5689,5702,5712,5722,,,,,,,,,,
397,5531,5628,5676,5693,5707,5716,5726,,,,,,,,,,
398,5536,5633,5680,5697,5711,5721,5731,,,,,,,,,,
399,5540,5637,5684,5702,5715,5725,5735,,,,,,,,,,
400,5544,5641,5688,5706,5719,5729,5739,,,,,,,,,,
401,5548,5645,5692,5709,5723,5733,5743,,,,,,,,,,
402,5551,5648,5696,5713,5727,5737,5746,,,,,,,,,,
403,5555,5652,5700,5717,5731,5740,5750,,,,,,,,,,
404,5559,5656,5704,5721,5734,5744,5754,,,,,,,,,,
405,5563,5660,5708,5725,5738,5748,5758,,,,,,,,,,
406,5567,5664,5712,5729,5742,5752,5762,,,,,,,,,,
407,5571,5668,5716,5733,5746,5756,5766,,,,,,,,,,
408,5575,5672,5719,5737,5750,5760,5770,,,,,,,,,,
409,5578,5675,5723,5740,5754,5764,5773,,,,,,,,,,
410,5582,5679,5727,5744,5757,5767,5777,,,,,,,,,,
411,5586,5683,5731,5748,5761,5771,5781,,,,,,,,,,
412,5590,5687,5734,5752,5765,5775,5785,,,,,,,,,,
413,5593,5690,5738,5755,5769,5778,5788,,,,,,,,,,
414,5597,5694,5742,5759,5772,5782,5792,,,,,,,,,,
415,5601,5698,5745,5763,5776,5786,5796,,,,,,,,,,
416,5604,5701,5749,5766,5779,5789,5799,,,,,,,,,,
417,5608,5705,5753,5770,5783,5793,5803,,,,,,,,,,
418,5611,5708,5756,5773,5787,5796,5806,,,,,,,,,,
419,5615,5712,5760,5777,5790,5800,5810,,,,,,,,,,
420,5618,5715,5763,5780,5794,5803,5813,,,,,,,,,,
421,5622,5719,5767,5784,5797,5807,5817,,,,,,,,,,
422,5625,5722,5770,5787,5801,5810,5820,,,,,,,,,,
423,5629,5726,5774,5791,5804,5814,5824,,,,,,,,,,
424,5632,5729,5777,5794,5808,5817,5827,,,,,,,,,,
425,5636,5733,5780,5798,5811,5821,5831,,,,,,,,,,
426,5639,5736,5784,5801,5814,5824,5834,,,,,,,,,,
427,5642,5739,5787,5804,5818,5827,5837,,,,,,,,,,
428,5646,5743,5790,5808,5821,5831,5841,,,,,,,,,,
429,5649,5746,5794,5811,5824,5834,5844,,,,,,,,,,
430,5652,5749,5797,5814,5828,5837,5847,,,,,,,,,,
431,5655,5752,5800,5817,5831,5841,5850,,,,,,,,,,
432,5659,5756,5803,5821,5834,5844,5854,,,,,,,,,,
433,5662,5759,5807,5824,5837,5847,5857,,,,,,,,,,
434,5665,5762,5810,5827,5841,5850,5860,,,,,,,,,,
435,5668,5765,5813,5830,5844,5853,5863,,,,,,,,,,
436,5671,5768,5816,5833,5847,5857,5866,,,,,,,,,,
437,5674,5771,5819,5836,5850,5860,5870,,,,,,,,,,
438,5678,5775,5822,5840,5853,5863,5873,,,,,,,,,,
439,5681,5778,5825,5843,5856,5866,5876,,,,,,,,,,
440,5684,5781,5828,5846,5859,5869,5879,,,,,,,,,,
441,5687,5784,5831,5849,5862,5872,5882,,,,,,,,,,
442,5690,5787,5834,5852,5865,5875,5885,,,,,,,,,,
443,5693,5790,5837,5855,5868,5878,5888,,,,,,,,,,
444,5696,5793,5840,5858,5871,5881,5891,,,,,,,,,,
445,5699,5796,5843,5861,5874,5884,5894,,,,,,,,,,
446,5701,5798,5846,5863,5877,5887,5897,,,,,,,,,,
447,5704,5801,5849,5866,5880,5890,5899,,,,,,,,,,
448,5707,5804,5852,5869,5883,5892,5902,,,,,,,,,,
449,5710,5807,5855,5872,5886,5895,5905,,,,,,,,,,
450,5713,5810,5858,5875,5889,5898,5908,,,,,,,,,,
451,5716,5813,5860,5878,5891,5901,5911,,,,,,,,,,
452,5718,5815,5863,5880,5894,5904,5914,,,,,,,,,,
453,5721,5818,5866,5883,5897,5906,5916,,,,,,,,,,
454,5724,5821,5869,5886,5900,5909,5919,,,,,,,,,,
455,5727,5824,5871,5889,5902,5912,5922,,,,,,,,,,
456,5729,5826,5874,5891,5905,5915,5924,,,,,,,,,,
457,5732,5829,5877,5894,5908,5917,5927,,,,,,,,,,
458,5735,5832,5879,5897,5910,5920,5930,,,,,,,,,,
459,5737,5834,5882,5899,5913,5922,5932,,,,,,,,,,
460,5740,5837,5885,5902,5916,5925,5935,,,,,,,,,,
461,5742,5840,5887,5904,5918,5928,5937,,,,,,,,,,
462,5745,5842,5890,5907,5921,5930,5940,,,,,,,,,,
463,5748,5845,5892,5910,5923,5933,5943,,,,,,,,,,
464,5750,5847,5895,5912,5926,5935,5945,,,,,,,,,,
465,5753,5850,5897,5915,5928,5938,5948,,,,,,,,,,
466,5755,5852,5900,5917,5931,5940,5950,,,,,,,,,,
467,5757,5855,5902,5920,5933,5943,5953,,,,,,,,,,
468,5760,5857,5905,5922,5936,5945,5955,,,,,,,,,,
469,5762,5859,5907,5924,5938,5948,5957,,,,,,,,,,
470,5765,5862,5909,5927,5941,5950,5960,,,,,,,,,,
471,5767,5864,5912,5929,5943,5952,5962,,,,,,,,,,
472,5769,5867,5914,5931,5945,5955,5964,,,,,,,,,,
473,5772,5869,5917,5934,5948,5957,5967,,,,,,,,,,
474,5774,5871,5919,5936,5950,5959,5969,,,,,,,,,,
475,5776,5873,5921,5938,5952,5962,5971,,,,,,,,,,
476,5779,5876,5923,5941,5955,5964,5974,,,,,,,,,,
477,5781,5878,5926,5943,5957,5966,5976,,,,,,,,,,
478,5783,5880,5928,5945,5959,5968,5978,,,,,,,,,,
479,5785,5882,5930,5947,5961,5970,5980,,,,,,,,,,
480,5787,5885,5932,5950,5963,5973,5982,,,,,,,,,,
481,5790,5887,5934,5952,5966,5975,5985,,,,,,,,,,
482,5792,5889,5937,5954,5968,5977,5987,,,,,,,,,,
483,5794,5891,5939,5956,5970,5979,5989,,,,,,,,,,
484,5796,5893,5941,5958,5972,5981,5991,,,,,,,,,,
485,5798,5895,5943,5960,5974,5983,5993,,,,,,,,,,
486,5800,5897,5945,5962,5976,5985,5995,,,,,,,,,,
487,5802,5899,5947,5964,5978,5987,5997,,,,,,,,,,
488,5804,5901,5949,5966,5980,5989,5999,,,,,,,,,,
489,5806,5903,5951,5968,5982,5991,6001,,,,,,,,,,
490,5808,5905,5953,5970,5984,5993,6003,,,,,,,,,,
491,5810,5907,5955,5972,5986,5995,6005,,,,,,,,,,
492,5812,5909,5957,5974,5988,5997,6007,,,,,,,,,,
493,5814,5911,5959,5976,5990,5999,6009,,,,,,,,,,
494,5816,5913,5961,5978,5992,6001,6011,,,,,,,,,,
495,5818,5915,5963,5980,5994,6003,6013,,,,,,,,,,
496,5820,5917,5965,5982,5996,6005,6015,,,,,,,,,,
497,5822,5919,5966,5984,5998,6007,6017,,,,,,,,,,
498,5823,5920,5968,5985,5999,6008,6018,,,,,,,,,,
499,5825,5922,5970,5987,6001,6010,6020,,,,,,,,,,
500,5827,5924,5972,5989,6003,6012,6022,,,,,,,,,,
501,5829,5926,5974,5991,6005,6014,6024,,,,,,,,,,
502,5830,5928,5975,5993,6006,6016,6025,,,,,,,,,,
503,5832,5929,5977,5994,6008,6017,6027,,,,,,,,,,
504,5834,5931,5979,5996,6010,6019,6029,,,,,,,,,,
505,5836,5933,5981,5998,6012,6021,6031,,,,,,,,,,
506,5837,5934,5982,5999,6013,6022,6032,,,,,,,,,,
507,5839,5936,5984,6001,6015,6024,6034,,,,,,,,,,
508,5841,5938,5986,6003,6017,6026,6036,,,,,,,,,,
509,5842,5939,5987,6004,6018,6027,6037,,,,,,,,,,
510,5844,5941,5989,6006,6020,6029,6039,,,,,,,,,,
511,5845,5942,5990,6007,6021,6030,6040,,,,,,,,,,
512,5847,5944,5992,6009,6023,6032,6042,,,,,,,,,,
513,5848,5945,5993,6010,6024,6033,6043,,,,,,,,,,
514,5850,5947,5995,6012,6026,6035,6045,,,,,,,,,,
515,5852,5949,5997,6014,6028,6037,6047,,,,,,,,,,
516,5853,5950,5998,6015,6029,6038,6048,,,,,,,,,,
517,5854,5951,5999,6016,6030,6039,6049,,,,,,,,,,
518,5856,5953,6001,6018,6032,6041,6051,,,,,,,,,,
519,5857,5954,6002,6019,6033,6042,6052,,,,,,,,,,
520,5859,5956,6004,6021,6035,6044,6054,,,,,,,,,,
521,5860,5957,6005,6022,6036,6045,6055,,,,,,,,,,
522,5862,5959,6007,6024,6038,6046,6057,,,,,,,,,,
523,5863,5960,6008,6025,6039,6048,6058,,,,,,,,,,
524,5864,5961,6009,6026,6040,6049,6059,,,,,,,,,,
525,5866,5963,6011,6028,6042,6051,6061,,,,,,,,,,
526,5867,5964,6012,6029,6043,6052,6062,,,,,,,,,,
527,5868,5965,6013,6030,6044,6053,6063,,,,,,,,,,
528,5870,5966,6015,6031,6045,6054,6064,,,,,,,,,,
529,5871,5968,6016,6033,6047,6056,6066,,,,,,,,,,
530,5872,5969,6017,6034,6048,6057,6067,,,,,,,,,,
531,5873,5970,6018,6035,6049,6058,6068,,,,,,,,,,
532,5874,5971,6019,6036,6050,6059,6069,,,,,,,,,,
533,5876,5972,6021,6037,6051,6060,6071,,,,,,,,,,
534,5877,5974,6022,6039,6053,6062,6072,,,,,,,,,,
535,5878,5975,6023,6040,6054,6063,6073,,,,,,,,,,
536,5879,5976,6024,6041,6055,6064,6074,,,,,,,,,,
537,5880,5977,6025,6042,6056,6065,6075,,,,,,,,,,
538,5881,5978,6026,6043,6057,6066,6076,,,,,,,,,,
539,5882,5979,6027,6044,6058,6067,6077,,,,,,,,,,
540,5883,5980,6028,6045,6059,6068,6078,,,,,,,,,,
541,5885,5981,6030,6046,6060,6069,6079,,,,,,,,,,
542,5886,5982,6031,6047,6061,6070,6080,,,,,,,,,,
543,5887,5983,6032,6048,6062,6071,6081,,,,,,,,,,
544,5888,5984,6033,6049,6063,6072,6082,,,,,,,,,,
545,5889,5985,6034,6050,6064,6073,6083,,,,,,,,,,
546,5890,5986,6035,6051,6065,6074,6084,,,,,,,,,,
547,5890,5987,6035,6052,6066,6075,6085,,,,,,,,,,
548,5891,5988,6036,6053,6067,6076,6086,,,,,,,,,,
549,5892,5989,6037,6054,6068,6077,6087,,,,,,,,,,
550,5893,5990,6038,6055,6069,6078,6088,,,,,,,,,,
551,5894,5991,6039,6056,6070,6079,6089,,,,,,,,,,
552,5895,5992,6040,6057,6071,6080,6090,,,,,,,,,,
553,5896,5992,6041,6057,6071,6080,6091,,,,,,,,,,
554,5897,5993,6042,6058,6072,6081,6092,,,,,,,,,,
555,5897,5994,6042,6059,6073,6082,6092,,,,,,,,,,
556,5898,5995,6043,6060,6074,6083,6093,,,,,,,,,,
557,5899,5996,6044,6061,6075,6084,6094,,,,,,,,,,
558,5900,5996,6045,6061,6075,6084,6095,,,,,,,,,,
559,5901,5997,6046,6062,6076,6085,6095,,,,,,,,,,
560,5901,5998,6046,6063,6077,6086,6096,,,,,,,,,,
561,5902,5998,6047,6063,6077,6086,6097,,,,,,,,,,
562,5903,5999,6048,6064,6078,6087,6098,,,,,,,,,,
563,5903,6000,6048,6065,6079,6088,6098,,,,,,,,,,
564,5904,6000,6049,6065,6080,6088,6099,,,,,,,,,,
565,5905,6001,6050,6066,6080,6089,6100,,,,,,,,,,
566,5905,6002,6050,6067,6081,6090,6100,,,,,,,,,,
567,5906,6002,6051,6067,6081,6090,6101,,,,,,,,,,
568,5907,6003,6052,6068,6082,6091,6101,,,,,,,,,,
569,5907,6004,6052,6069,6083,6092,6102,,,,,,,,,,
570,5908,6004,6053,6069,6083,6092,6103,,,,,,,,,,
571,5908,6005,6053,6070,6084,6093,6103,,,,,,,,,,
572,5909,6005,6054,6070,6084,6093,6104,,,,,,,,,,
573,5909,6006,6054,6071,6085,6094,6104,,,,,,,,,,
574,5910,6006,6055,6071,6085,6094,6105,,,,,,,,,,
575,5910,6007,6055,6072,6086,6095,6105,,,,,,,,,,
576,5911,6007,6056,6072,6086,6095,6106,,,,,,,,,,
577,5911,6008,6056,6073,6087,6096,6106,,,,,,,,,,
578,5912,6008,6057,6073,6087,6096,6107,,,,,,,,,,
579,5912,6008,6057,6073,6087,6096,6107,,,,,,,,,,
580,5913,6009,6058,6074,6088,6097,6107,,,,,,,,,,
581,5913,6009,6058,6074,6088,6097,6108,,,,,,,,,,
582,5913,6010,6058,6075,6089,6098,6108,,,,,,,,,,
583,5914,6010,6059,6075,6089,6098,6109,,,,,,,,,,
584,5914,6010,6059,6075,6089,6098,6109,,,,,,,,,,
585,5914,6011,6059,6076,6090,6099,6109,,,,,,,,,,
586,5915,6011,6060,6076,6090,6099,6110,,,,,,,,,,
587,5915,6011,6060,6076,6090,6099,6110,,,,,,,,,,
588,5915,6012,6060,6077,6091,6100,6110,,,,,,,,,,
589,5916,6012,6061,6077,6091,6100,6111,,,,,,,,,,
590,5916,6012,6061,6077,6091,6100,6111,,,,,,,,,,
591,5916,6012,6061,6077,6091,6100,6111,,,,,,,,,,
592,5916,6013,6061,6078,6092,6101,6111,,,,,,,,,,
593,5917,6013,6062,6078,6092,6101,6112,,,,,,,,,,
594,5917,6013,6062,6078,6092,6101,6112,,,,,,,,,,
595,5917,6013,6062,6078,6092,6101,6112,,,,,,,,,,
596,5917,6013,6062,6078,6092,6101,6112,,,,,,,,,,
597,5917,6013,6062,6078,6092,6101,6112,,,,,,,,,,
598,5918,6014,6062,6079,6093,6102,6112,,,,,,,,,,
599,5918,6014,6063,6079,6093,6102,6113,,,,,,,,,,
600,5918,6014,6063,6079,6093,6102,6113,,,,,,,,,,
601,5918,6014,6063,6079,6093,6102,6113,,,,,,,,,,
602,5918,6014,6063,6079,6093,6102,6113,,,,,,,,,,
603,5918,6014,6063,6079,6093,6102,6113,,,,,,,,,,
604,5918,6014,6063,6079,6093,6102,6113,,,,,,,,,,
605,5918,6014,6063,6079,6093,6102,6113,,,,,,,,,,
606,5918,6014,6063,6079,6093,6102,6113,,,,,,,,,,
607,5918,6014,6063,6079,6093,6102,6113,,,,,,,,,,
608,5918,6014,6063,6079,6093,6102,6113,,,,,,,,,,
609,5918,6014,6063,6079,6093,6102,6113,,,,,,,,,,
610,5918,6014,6063,6079,6093,6102,6113,,,,,,,,,,
611,5918,6014,6063,6079,6093,6102,6113,,,,,,,,,,
612,5918,6014,6063,6079,6093,6102,6113,,,,,,,,,,
613,5918,6014,6063,6079,6093,6102,6113,,,,,,,,,,
614,5918,6014,6063,6079,6093,6102,6113,,,,,,,,,,
615,5918,6014,6063,6079,6093,6102,6113,,,,,,,,,,
616,5918,6014,6063,6079,6093,6102,6113,,,,,,,,,,
617,5918,6014,6063,6078,6093,6101,6113,,,,,,,,,,
618,5917,6013,6062,6078,6092,6101,6112,,,,,,,,,,
619,5917,6013,6062,6078,6092,6101,6112,,,,,,,,,,
620,5917,6013,6062,6078,6092,6101,6112,,,,,,,,,,
621,5917,6013,6062,6078,6092,6101,6112,,,,,,,,,,
622,5917,6013,6062,6078,6092,6101,6112,,,,,,,,,,
623,5916,6012,6062,6077,6091,6100,6112,,,,,,,,,,
624,5916,6012,6061,6077,6091,6100,6111,,,,,,,,,,
625,5916,6012,6061,6077,6091,6100,6111,,,,,,,,,,
626,5916,6012,6061,6077,6091,6100,6111,,,,,,,,,,
627,5915,6011,6061,6076,6090,6099,6111,,,,,,,,,,
628,5915,6011,6060,6076,6090,6099,6110,,,,,,,,,,
629,5915,6011,6060,6076,6090,6099,6110,,,,,,,,,,
630,5915,6011,6060,6076,6090,6099,6110,,,,,,,,,,
631,5914,6010,6059,6075,6089,6098,6109,,,,,,,,,,
632,5914,6010,6059,6075,6089,6098,6109,,,,,,,,,,
633,5914,6010,6059,6075,6089,6098,6109,,,,,,,,,,
634,5913,6009,6058,6074,6088,6097,6108,,,,,,,,,,
635,5913,6009,6058,6074,6088,6097,6108,,,,,,,,,,
636,5912,6009,6058,6074,6088,6097,6108,,,,,,,,,,
637,5912,6008,6057,6073,6087,6096,6107,,,,,,,,,,
638,5912,6008,6057,6073,6087,6096,6107,,,,,,,,,,
639,5911,6007,6056,6072,6086,6095,6106,,,,,,,,,,
640,5911,6007,6056,6072,6086,6095,6106,,,,,,,,,,
641,5910,6006,6056,6071,6085,6094,6106,,,,,,,,,,
642,5910,6006,6055,6071,6085,6094,6105,,,,,,,,,,
643,5909,6006,6055,6070,6085,6094,6105,,,,,,,,,,
644,5909,6005,6054,6070,6084,6093,6104,,,,,,,,,,
645,5908,6005,6054,6070,6084,6093,6104,,,,,,,,,,
646,5908,6004,6053,6069,6083,6092,6103,,,,,,,,,,
647,5907,6004,6053,6068,6083,6091,6103,,,,,,,,,,
648,5907,6003,6052,6068,6082,6091,6102,,,,,,,,,,
649,5906,6002,6052,6067,6081,6090,6102,,,,,,,,,,
650,5906,6002,6051,6067,6081,6090,6101,,,,,,,,,,
651,5905,6001,6050,6066,6080,6089,6100,,,,,,,,,,
652,5904,6001,6050,6066,6080,6089,6100,,,,,,,,,,
653,5904,6000,6049,6065,6079,6088,6099,,,,,,,,,,
654,5903,6000,6049,6064,6079,6087,6099,,,,,,,,,,
655,5903,5999,6048,6064,6078,6087,6098,,,,,,,,,,
656,5902,5998,6047,6063,6077,6086,6097,,,,,,,,,,
657,5901,5998,6047,6063,6077,6086,6097,,,,,,,,,,
658,5901,5997,6046,6062,6076,6085,6096,,,,,,,,,,
659,5900,5996,6045,6061,6075,6084,6095,,,,,,,,,,
660,5899,5996,6045,6061,6075,6084,6095,,,,,,,,,,
661,5899,5995,6044,6060,6074,6083,6094,,,,,,,,,,
662,5898,5994,6043,6059,6073,6082,6093,,,,,,,,,,
663,5897,5993,6043,6058,6072,6081,6093,,,,,,,,,,
664,5896,5993,6042,6058,6072,6081,6092,,,,,,,,,,
665,5896,5992,6041,6057,6071,6080,6091,,,,,,,,,,
666,5895,5991,6040,6056,6070,6079,6090,,,,,,,,,,
667,5894,5990,6040,6055,6069,6078,6090,,,,,,,,,,
668,5893,5990,6039,6055,6069,6078,6089,,,,,,,,,,
669,5892,5989,6038,6054,6068,6077,6088,,,,,,,,,,
670,5892,5988,6037,6053,6067,6076,6087,,,,,,,,,,
671,5891,5987,6036,6052,6066,6075,6086,,,,,,,,,,
672,5890,5986,6036,6051,6065,6074,6086,,,,,,,,,,
673,5889,5986,6035,6051,6065,6074,6085,,,,,,,,,,
674,5888,5985,6034,6050,6064,6073,6084,,,,,,,,,,
675,5887,5984,6033,6049,6063,6072,6083,,,,,,,,,,
676,5886,5983,6032,6048,6062,6071,6082,,,,,,,,,,
677,5886,5982,6031,6047,6061,6070,6081,,,,,,,,,,
678,5885,5981,6030,6046,6060,6069,6080,,,,,,,,,,
679,5884,5980,6029,6045,6059,6068,6079,,,,,,,,,,
680,5883,5979,6028,6044,6058,6067,6079,,,,,,,,,,
681,5882,5978,6028,6043,6057,6066,6078,,,,,,,,,,
682,5881,5977,6027,6042,6057,6065,6077,,,,,,,,,,
683,5880,5977,6026,6041,6056,6064,6076,,,,,,,,,,
684,5879,5976,6025,6041,6055,6064,6075,,,,,,,,,,
685,5878,5975,6024,6040,6054,6063,6074,,,,,,,,,,
686,5877,5974,6023,6039,6053,6062,6073,,,,,,,,,,
687,5876,5973,6022,6038,6052,6061,6072,,,,,,,,,,
688,5875,5972,6021,6037,6051,6060,6071,,,,,,,,,,
689,5874,5971,6020,6035,6050,6058,6070,,,,,,,,,,
690,5873,5969,6019,6034,6049,6057,6069,,,,,,,,,,
691,5872,5968,6017,6033,6047,6056,6068,,,,,,,,,,
692,5871,5967,6016,6032,6046,6055,6066,,,,,,,,,,
693,5870,5966,6015,6031,6045,6054,6065,,,,,,,,,,
694,5868,5965,6014,6030,6044,6053,6064,,,,,,,,,,
695,5867,5964,6013,6029,6043,6052,6063,,,,,,,,,,
696,5866,5963,6012,6028,6042,6051,6062,,,,,,,,,,
697,5865,5962,6011,6027,6041,6050,6061,,,,,,,,,,
698,5864,5961,6010,6026,6040,6049,6060,,,,,,,,,,
699,5863,5960,6009,6025,6039,6048,6059,,,,,,,,,,
700,5862,5958,6007,6023,6037,6046,6057,,,,,,,,,,
701,5860,5957,6006,6022,6036,6045,6056,,,,,,,,,,
702,5859,5956,6005,6021,6035,6044,6055,,,,,,,,,,
703,5858,5955,6004,6020,6034,6043,6054,,,,,,,,,,
704,5857,5954,6003,6019,6033,6042,6053,,,,,,,,,,
705,5856,5952,6002,6017,6032,6040,6052,,,,,,,,,,
706,5854,5951,6000,6016,6030,6039,6050,,,,,,,,,,
707,5853,5950,5999,6015,6029,6038,6049,,,,,,,,,,
708,5852,5949,5998,6014,6028,6037,6048,,,,,,,,,,
709,5851,5948,5997,6013,6027,6036,6047,,,,,,,,,,
710,5849,5946,5995,6011,6025,6034,6045,,,,,,,,,,
711,5848,5945,5994,6010,6024,6033,6044,,,,,,,,,,
712,5847,5944,5993,6009,6023,6032,6043,,,,,,,,,,
713,5845,5942,5991,6007,6021,6030,6041,,,,,,,,,,
714,5844,5941,5990,6006,6020,6029,6040,,,,,,,,,,
715,5843,5940,5989,6005,6019,6028,6039,,,,,,,,,,
716,5841,5938,5987,6003,6017,6026,6037,,,,,,,,,,
717,5840,5937,5986,6002,6016,6025,6036,,,,,,,,,,
718,5839,5936,5985,6001,6015,6024,6035,,,,,,,,,,
719,5837,5934,5983,5999,6013,6022,6033,,,,,,,,,,
720,5836,5933,5982,5998,6012,6021,6032,,,,,,,,,,
721,5835,5932,5981,5997,6011,6020,6031,,,,,,,,,,
722,5833,5930,5979,5995,6009,6018,6029,,,,,,,,,,
723,5832,5929,5978,5994,6008,6017,6028,,,,,,,,,,
724,5830,5927,5976,5992,6006,6015,6026,,,,,,,,,,
725,5829,5926,5975,5991,6005,6014,6025,,,,,,,,,,
726,5827,5925,5974,5990,6004,6013,6023,,,,,,,,,,
727,5826,5923,5972,5988,6002,6011,6022,,,,,,,,,,
728,5825,5922,5971,5987,6001,6010,6021,,,,,,,,,,
729,5823,5920,5969,5985,5999,6008,6019,,,,,,,,,,
730,5822,5919,5968,5984,5998,6007,6018,,,,,,,,,,
731,5820,5917,5966,5982,5996,6005,6016,,,,,,,,,,
732,5819,5916,5965,5981,5995,6004,6015,,,,,,,,,,
733,5817,5914,5963,5979,5993,6002,6013,,,,,,,,,,
734,5816,5913,5962,5978,5992,6001,6012,,,,,,,,,,
735,5814,5911,5960,5976,5990,5999,6010,,,,,,,,,,
736,5812,5910,5959,5975,5989,5998,6008,,,,,,,,,,
737,5811,5908,5957,5973,5987,5996,6007,,,,,,,,,,
738,5809,5907,5955,5972,5985,5995,6005,,,,,,,,,,
739,5808,5905,5954,5970,5984,5993,6004,,,,,,,,,,
740,5806,5903,5952,5968,5982,5991,6002,,,,,,,,,,
741,5805,5902,5951,5967,5981,5990,6001,,,,,,,,,,
742,5803,5900,5949,5965,5979,5988,5999,,,,,,,,,,
743,5801,5899,5947,5964,5977,5987,5997,,,,,,,,,,
744,5800,5897,5946,5962,5976,5985,5996,,,,,,,,,,
745,5798,5895,5944,5960,5974,5983,5994,,,,,,,,,,
746,5796,5894,5943,5959,5973,5982,5992,,,,,,,,,,
747,5795,5892,5941,5957,5971,5980,5991,,,,,,,,,,
748,5793,5890,5939,5956,5969,5979,5989,,,,,,,,,,
749,5791,5889,5938,5954,5968,5977,5987,,,,,,,,,,
750,5790,5887,5936,5952,5966,5975,5986,,,,,,,,,,
751,5788,5885,5934,5951,5964,5974,5984,,,,,,,,,,
752,5786,5884,5933,5949,5962,5972,5982,,,,,,,,,,
753,5785,5882,5931,5947,5961,5970,5981,,,,,,,,,,
754,5783,5880,5929,5945,5959,5968,5979,,,,,,,,,,
755,5781,5878,5927,5944,5957,5967,5977,,,,,,,,,,
756,5780,5877,5926,5942,5956,5965,5975,,,,,,,,,,
757,5778,5875,5924,5940,5954,5963,5974,,,,,,,,,,
758,5776,5873,5922,5938,5952,5961,5972,,,,,,,,,,
759,5774,5871,5920,5937,5950,5960,5970,,,,,,,,,,
760,5772,5870,5919,5935,5948,5958,5968,,,,,,,,,,
761,5771,5868,5917,5933,5947,5956,5967,,,,,,,,,,
762,5769,5866,5915,5931,5945,5954,5965,,,,,,,,,,
763,5767,5864,5913,5930,5943,5953,5963,,,,,,,,,,
764,5765,5863,5911,5928,5941,5951,5961,,,,,,,,,,
765,5764,5861,5910,5926,5939,5949,5959,,,,,,,,,,
766,5762,5859,5908,5924,5938,5947,5957,,,,,,,,,,
767,5760,5857,5906,5922,5936,5945,5956,,,,,,,,,,
768,5758,5855,5904,5921,5934,5943,5954,,,,,,,,,,
769,5756,5853,5902,5919,5932,5942,5952,,,,,,,,,,
770,5754,5851,5900,5917,5930,5940,5950,,,,,,,,,,
771,5752,5850,5898,5915,5928,5938,5948,,,,,,,,,,
772,5751,5848,5897,5913,5926,5936,5946,,,,,,,,,,
773,5749,5846,5895,5911,5924,5934,5944,,,,,,,,,,
774,5747,5844,5893,5909,5922,5932,5942,,,,,,,,,,
775,5745,5842,5891,5907,5921,5930,5940,,,,,,,,,,
776,5743,5840,5889,5905,5919,5928,5938,,,,,,,,,,
777,5741,5838,5887,5904,5917,5927,5937,,,,,,,,,,
778,5739,5836,5885,5902,5915,5925,5935,,,,,,,,,,
779,5737,5834,5883,5900,5913,5923,5933,,,,,,,,,,
780,5735,5832,5881,5898,5911,5921,5931,,,,,,,,,,
781,5733,5830,5879,5896,5909,5919,5929,,,,,,,,,,
782,5731,5828,5877,5894,5907,5917,5927,,,,,,,,,,
783,5729,5826,5875,5892,5905,5915,5925,,,,,,,,,,
784,5727,5824,5873,5890,5903,5913,5923,,,,,,,,,,
785,5725,5822,5871,5888,5901,5911,5921,,,,,,,,,,
786,5723,5820,5869,5886,5899,5909,5919,,,,,,,,,,
787,5721,5818,5867,5884,5897,5907,5917,,,,,,,,,,
788,5719,5816,5865,5882,5895,5905,5915,,,,,,,,,,
789,5717,5814,5863,5880,5893,5903,5913,,,,,,,,,,
790,5715,5812,5861,5878,5891,5901,5910,,,,,,,,,,
791,5713,5810,5859,5876,5889,5899,5908,,,,,,,,,,
792,5711,5808,5857,5874,5886,5897,5906,,,,,,,,,,
793,5709,5806,5855,5872,5884,5895,5904,,,,,,,,,,
794,5707,5804,5853,5870,5882,5893,5902,,,,,,,,,,
795,5705,5802,5851,5867,5880,5890,5900,,,,,,,,,,
796,5703,5800,5849,5865,5878,5888,5898,,,,,,,,,,
797,5701,5798,5847,5863,5876,5886,5896,,,,,,,,,,
798,5699,5795,5844,5861,5874,5884,5894,,,,,,,,,,
799,5697,5793,5842,5859,5872,5882,5892,,,,,,,,,,
800,5695,5791,5840,5857,5870,5880,5889,,,,,,,,,,
801,5693,5789,5838,5855,5867,5878,5887,,,,,,,,,,
802,5690,5787,5836,5853,5865,5876,5885,,,,,,,,,,
803,5688,5785,5834,5851,5863,5874,5883,,,,,,,,,,
804,5686,5783,5832,5848,5861,5871,5881,,,,,,,,,,
805,5684,5780,5829,5846,5859,5869,5879,,,,,,,,,,
806,5682,5778,5827,5844,5856,5867,5876,,,,,,,,,,
807,5680,5776,5825,5842,5854,5865,5874,,,,,,,,,,
808,5678,5774,5823,5840,5852,5863,5872,,,,,,,,,,
809,5675,5772,5821,5838,5850,5861,5870,,,,,,,,,,
810,5673,5769,5818,5835,5848,5858,5868,,,,,,,,,,
811,5671,5767,5816,5833,5845,5856,5865,,,,,,,,,,
812,5669,5765,5814,5831,5843,5854,5863,,,,,,,,,,
813,5667,5763,5812,5829,5841,5852,5861,,,,,,,,,,
814,5664,5761,5810,5826,5839,5849,5859,,,,,,,,,,
815,5662,5758,5807,5824,5836,5847,5856,,,,,,,,,,
816,5660,5756,5805,5822,5834,5845,5854,,,,,,,,,,
