KeyPointNum,17
KeyPointData,0,20,40,60,80,110,140,170,210,255,305,355,405,455,505,550,582,


ZoomNum,583
NormalMapNum,7
IRMapNum,0

,NormalMap,NormalMap,NormalMap,NormalMap,NormalMap,NormalMap,NormalMap,
Distance(mm),100,150,200,300,500,1000,6000,
0,1731,1760,1774,1786,1799,1807,1827,
1,1767,1796,1810,1822,1836,1844,1862,
2,1803,1833,1846,1858,1872,1880,1898,
3,1840,1869,1882,1895,1908,1917,1934,
4,1876,1906,1919,1931,1945,1953,1970,
5,1912,1942,1955,1967,1981,1990,2006,
6,1949,1978,1991,2003,2017,2026,2041,
7,1985,2014,2028,2039,2054,2062,2077,
8,2021,2051,2064,2075,2090,2098,2113,
9,2058,2087,2100,2111,2126,2134,2148,
10,2094,2124,2136,2147,2162,2171,2184,
11,2130,2160,2173,2184,2198,2207,2219,
12,2166,2197,2209,2220,2235,2244,2255,
13,2202,2233,2245,2256,2271,2280,2291,
14,2239,2270,2282,2292,2308,2317,2326,
15,2275,2306,2318,2328,2344,2353,2362,
16,2302,2333,2345,2355,2371,2380,2390,
17,2330,2360,2372,2382,2398,2407,2416,
18,2357,2386,2399,2410,2425,2434,2443,
19,2384,2414,2426,2437,2452,2461,2470,
20,2410,2441,2453,2464,2479,2488,2498,
21,2438,2468,2480,2491,2506,2515,2525,
22,2465,2495,2507,2518,2533,2542,2552,
23,2492,2522,2534,2546,2560,2569,2578,
24,2519,2549,2562,2573,2587,2596,2606,
25,2546,2576,2589,2599,2614,2623,2633,
26,2574,2603,2616,2626,2642,2650,2660,
27,2601,2630,2642,2654,2668,2677,2687,
28,2628,2657,2670,2681,2695,2704,2714,
29,2654,2684,2697,2708,2722,2731,2741,
30,2682,2711,2724,2735,2750,2758,2768,
31,2709,2738,2751,2762,2776,2785,2795,
32,2736,2766,2778,2790,2803,2812,2822,
33,2763,2792,2806,2817,2830,2839,2850,
34,2790,2819,2833,2844,2858,2866,2876,
35,2818,2846,2859,2871,2885,2893,2903,
36,2845,2874,2886,2898,2911,2920,2930,
37,2872,2901,2914,2926,2938,2947,2958,
38,2898,2927,2941,2953,2966,2974,2985,
39,2926,2954,2968,2980,2993,3001,3012,
40,2953,2982,2995,3007,3019,3028,3038,
41,2980,3009,3022,3034,3046,3055,3066,
42,3007,3035,3050,3062,3074,3082,3093,
43,3034,3062,3076,3089,3101,3109,3120,
44,3062,3090,3103,3116,3128,3136,3147,
45,3089,3117,3130,3142,3154,3163,3174,
46,3116,3144,3158,3170,3182,3190,3201,
47,3142,3170,3185,3197,3209,3217,3228,
48,3170,3198,3212,3224,3236,3244,3255,
49,3197,3225,3239,3251,3262,3271,3282,
50,3224,3252,3266,3278,3290,3298,3310,
51,3251,3279,3293,3306,3317,3325,3336,
52,3278,3306,3320,3333,3344,3352,3363,
53,3306,3333,3347,3360,3371,3379,3390,
54,3333,3360,3374,3387,3398,3406,3418,
55,3360,3387,3402,3414,3425,3433,3445,
56,3386,3414,3429,3442,3452,3460,3472,
57,3414,3441,3456,3469,3479,3487,3498,
58,3441,3468,3482,3496,3506,3514,3526,
59,3468,3495,3510,3523,3533,3541,3553,
60,3495,3522,3537,3550,3560,3568,3580,
61,3522,3550,3564,3578,3587,3595,3607,
62,3550,3576,3591,3605,3614,3622,3634,
63,3577,3603,3618,3632,3641,3649,3661,
64,3604,3630,3646,3658,3668,3676,3688,
65,3630,3658,3673,3686,3695,3703,3715,
66,3658,3685,3699,3713,3722,3730,3742,
67,3685,3711,3726,3740,3749,3757,3770,
68,3712,3738,3754,3767,3776,3784,3796,
69,3739,3766,3781,3794,3803,3811,3823,
70,3759,3786,3801,3814,3823,3831,3843,
71,3779,3806,3821,3834,3843,3851,3863,
72,3798,3825,3840,3854,3863,3871,3883,
73,3818,3845,3860,3874,3883,3891,3903,
74,3838,3865,3880,3894,3903,3911,3922,
75,3858,3885,3900,3914,3923,3931,3942,
76,3878,3905,3920,3934,3942,3950,3962,
77,3898,3924,3939,3954,3962,3970,3982,
78,3918,3944,3959,3974,3982,3990,4002,
79,3938,3964,3979,3994,4002,4010,4022,
80,3958,3984,3999,4014,4022,4030,4042,
81,3978,4004,4018,4034,4042,4050,4062,
82,3997,4023,4038,4053,4062,4070,4082,
83,4017,4043,4058,4073,4082,4090,4102,
84,4037,4063,4078,4093,4102,4110,4122,
85,4057,4083,4098,4113,4122,4130,4142,
86,4077,4103,4118,4133,4142,4150,4161,
87,4096,4122,4138,4153,4162,4170,4181,
88,4116,4142,4158,4173,4182,4190,4201,
89,4136,4162,4178,4193,4202,4210,4221,
90,4156,4182,4198,4212,4222,4230,4241,
91,4176,4202,4217,4232,4242,4250,4261,
92,4195,4222,4237,4252,4262,4270,4281,
93,4215,4242,4257,4272,4282,4290,4300,
94,4235,4262,4277,4292,4302,4310,4320,
95,4255,4282,4296,4312,4322,4330,4340,
96,4275,4302,4316,4332,4342,4350,4360,
97,4294,4321,4336,4351,4362,4370,4380,
98,4314,4341,4356,4371,4382,4390,4400,
99,4334,4361,4376,4391,4402,4410,4419,
100,4354,4381,4395,4411,4421,4430,4439,
101,4374,4401,4415,4431,4441,4450,4459,
102,4394,4421,4435,4451,4461,4470,4479,
103,4414,4440,4455,4471,4481,4490,4499,
104,4434,4460,4475,4490,4501,4509,4519,
105,4454,4480,4494,4510,4521,4529,4538,
106,4473,4500,4514,4530,4541,4549,4558,
107,4493,4520,4534,4550,4561,4569,4578,
108,4513,4539,4554,4570,4581,4589,4598,
109,4533,4559,4574,4590,4601,4609,4618,
110,4553,4579,4594,4610,4621,4629,4638,
111,4572,4599,4614,4630,4641,4649,4658,
112,4592,4619,4634,4650,4660,4669,4678,
113,4612,4638,4654,4670,4680,4689,4698,
114,4632,4658,4673,4690,4700,4709,4718,
115,4652,4678,4693,4710,4720,4729,4738,
116,4671,4698,4713,4730,4740,4749,4758,
117,4691,4718,4733,4750,4760,4768,4777,
118,4711,4738,4753,4770,4780,4788,4797,
119,4731,4758,4772,4789,4800,4808,4817,
120,4751,4778,4792,4809,4820,4828,4837,
121,4770,4798,4812,4829,4840,4848,4857,
122,4790,4818,4832,4849,4860,4868,4877,
123,4810,4837,4852,4869,4880,4888,4897,
124,4830,4857,4871,4889,4900,4908,4916,
125,4850,4877,4891,4909,4919,4928,4936,
126,4870,4897,4911,4928,4939,4948,4956,
127,4890,4917,4931,4948,4959,4968,4976,
128,4910,4936,4950,4968,4979,4988,4996,
129,4925,4952,4966,4983,4994,5003,5011,
130,4940,4967,4982,4999,5010,5018,5026,
131,4956,4982,4997,5014,5026,5034,5042,
132,4971,4998,5012,5030,5041,5049,5058,
133,4986,5014,5028,5045,5056,5064,5073,
134,5002,5029,5043,5060,5071,5080,5088,
135,5017,5044,5058,5075,5087,5095,5103,
136,5033,5059,5074,5091,5102,5110,5118,
137,5048,5075,5089,5106,5118,5126,5134,
138,5063,5090,5105,5122,5133,5141,5150,
139,5078,5106,5120,5137,5148,5156,5165,
140,5094,5121,5135,5152,5163,5172,5180,
141,5109,5137,5150,5167,5179,5187,5195,
142,5125,5152,5166,5183,5194,5202,5211,
143,5140,5167,5182,5198,5210,5218,5226,
144,5155,5182,5197,5214,5225,5233,5242,
145,5170,5198,5212,5229,5240,5248,5257,
146,5186,5214,5227,5244,5256,5264,5273,
147,5202,5229,5243,5259,5271,5279,5288,
148,5217,5244,5258,5275,5286,5294,5303,
149,5232,5260,5274,5290,5302,5310,5318,
150,5247,5275,5289,5306,5317,5325,5334,
151,5262,5290,5305,5321,5333,5340,5350,
152,5278,5306,5320,5336,5348,5355,5365,
153,5294,5322,5335,5352,5363,5371,5380,
154,5309,5337,5350,5367,5378,5386,5395,
155,5324,5352,5366,5382,5394,5402,5411,
156,5339,5367,5382,5398,5410,5417,5426,
157,5355,5383,5397,5413,5425,5432,5442,
158,5370,5398,5412,5428,5440,5447,5457,
159,5386,5414,5427,5444,5455,5463,5472,
160,5401,5429,5443,5459,5470,5478,5488,
161,5416,5445,5458,5474,5486,5494,5503,
162,5431,5460,5474,5490,5502,5509,5518,
163,5447,5475,5489,5505,5517,5524,5534,
164,5462,5490,5504,5520,5532,5539,5549,
165,5478,5506,5520,5536,5547,5554,5565,
166,5493,5522,5535,5551,5562,5570,5580,
167,5508,5537,5550,5566,5578,5586,5595,
168,5524,5552,5566,5582,5594,5601,5610,
169,5539,5568,5582,5597,5609,5616,5626,
170,5554,5583,5597,5612,5624,5631,5642,
171,5570,5598,5612,5628,5639,5646,5657,
172,5585,5614,5627,5643,5655,5662,5672,
173,5601,5630,5642,5658,5670,5678,5687,
174,5616,5645,5658,5674,5686,5693,5703,
175,5631,5660,5674,5689,5701,5708,5718,
176,5646,5675,5689,5704,5716,5723,5734,
177,5662,5691,5704,5720,5732,5738,5749,
178,5678,5706,5719,5735,5747,5754,5764,
179,5693,5722,5735,5750,5762,5770,5780,
180,5702,5731,5745,5760,5772,5779,5790,
181,5712,5741,5754,5770,5782,5789,5799,
182,5722,5751,5764,5780,5792,5798,5809,
183,5732,5761,5774,5790,5802,5809,5819,
184,5742,5770,5784,5799,5811,5818,5829,
185,5751,5780,5794,5809,5821,5828,5838,
186,5761,5790,5803,5819,5830,5838,5848,
187,5771,5800,5814,5829,5841,5848,5858,
188,5781,5810,5823,5838,5850,5858,5868,
189,5790,5819,5833,5848,5860,5867,5878,
190,5801,5830,5842,5858,5870,5877,5887,
191,5810,5839,5852,5868,5880,5886,5897,
192,5820,5849,5862,5878,5890,5897,5907,
193,5830,5858,5872,5887,5899,5906,5917,
194,5840,5869,5882,5898,5909,5916,5926,
195,5850,5878,5891,5907,5918,5926,5936,
196,5859,5888,5902,5917,5929,5936,5946,
197,5869,5898,5911,5926,5938,5946,5956,
198,5879,5908,5921,5937,5948,5955,5966,
199,5889,5918,5930,5946,5958,5965,5975,
200,5898,5927,5941,5956,5968,5975,5985,
201,5908,5937,5950,5966,5978,5985,5995,
202,5918,5947,5960,5975,5987,5994,6005,
203,5928,5957,5970,5986,5997,6004,6014,
204,5938,5966,5980,5995,6006,6014,6024,
205,5947,5976,5990,6005,6017,6024,6034,
206,5958,5986,5999,6014,6026,6034,6044,
207,5967,5996,6009,6025,6036,6043,6054,
208,5977,6006,6018,6034,6046,6053,6063,
209,5986,6015,6029,6044,6055,6063,6073,
210,5997,6026,6038,6054,6066,6073,6083,
211,6006,6035,6048,6064,6075,6082,6093,
212,6016,6045,6058,6074,6085,6092,6102,
213,6026,6054,6068,6083,6094,6102,6112,
214,6036,6065,6078,6093,6105,6112,6122,
215,6046,6074,6087,6103,6114,6122,6132,
216,6055,6084,6097,6113,6124,6131,6142,
217,6065,6094,6107,6122,6134,6141,6151,
218,6075,6104,6117,6132,6143,6151,6161,
219,6085,6114,6126,6142,6154,6161,6171,
220,6094,6123,6136,6152,6163,6170,6181,
221,6104,6133,6146,6162,6173,6180,6190,
222,6114,6143,6156,6171,6182,6190,6200,
223,6124,6153,6166,6181,6192,6200,6210,
224,6134,6162,6175,6191,6202,6210,6220,
225,6143,6172,6185,6201,6212,6219,6230,
226,6154,6182,6195,6210,6222,6230,6239,
227,6163,6192,6205,6220,6231,6239,6249,
228,6173,6202,6214,6230,6242,6249,6259,
229,6183,6211,6224,6240,6251,6258,6269,
230,6193,6222,6234,6250,6261,6268,6278,
231,6202,6231,6244,6259,6270,6278,6288,
232,6212,6241,6254,6270,6280,6288,6298,
233,6222,6250,6263,6279,6290,6298,6308,
234,6232,6261,6273,6289,6300,6307,6318,
235,6242,6270,6283,6298,6310,6318,6327,
236,6251,6280,6293,6309,6319,6327,6337,
237,6262,6290,6302,6318,6329,6337,6347,
238,6271,6300,6312,6328,6339,6346,6357,
239,6281,6310,6322,6338,6349,6357,6366,
240,6290,6319,6332,6348,6358,6366,6376,
241,6301,6329,6342,6358,6368,6376,6386,
242,6310,6338,6351,6367,6378,6386,6396,
243,6320,6349,6362,6377,6388,6395,6406,
244,6330,6358,6371,6386,6398,6406,6415,
245,6340,6368,6381,6397,6407,6415,6425,
246,6350,6378,6390,6406,6417,6425,6435,
247,6359,6388,6401,6416,6427,6434,6445,
248,6369,6398,6410,6426,6437,6445,6454,
249,6379,6407,6420,6436,6446,6454,6464,
250,6389,6417,6430,6446,6456,6464,6474,
251,6398,6427,6439,6455,6466,6474,6484,
252,6408,6437,6450,6465,6476,6483,6494,
253,6418,6446,6459,6475,6486,6494,6503,
254,6428,6456,6469,6485,6495,6503,6513,
255,6438,6466,6478,6494,6505,6513,6523,
256,6447,6476,6489,6504,6515,6522,6533,
257,6458,6486,6498,6514,6525,6533,6542,
258,6467,6495,6508,6524,6534,6542,6552,
259,6477,6506,6518,6534,6544,6552,6562,
260,6486,6515,6528,6543,6554,6562,6572,
261,6497,6525,6538,6554,6564,6572,6582,
262,6506,6534,6547,6563,6574,6582,6591,
263,6516,6545,6557,6573,6583,6591,6601,
264,6526,6554,6566,6582,6593,6601,6611,
265,6536,6564,6577,6592,6602,6610,6621,
266,6546,6574,6586,6602,6613,6621,6630,
267,6555,6584,6596,6612,6622,6630,6640,
268,6566,6594,6606,6622,6632,6640,6650,
269,6575,6603,6616,6631,6642,6650,6660,
270,6585,6613,6626,6642,6652,6660,6670,
271,6594,6623,6635,6651,6662,6670,6679,
272,6605,6633,6645,6661,6671,6679,6689,
273,6614,6642,6655,6670,6681,6689,6699,
274,6624,6652,6665,6681,6690,6699,6709,
275,6634,6662,6674,6690,6701,6709,6718,
276,6644,6672,6684,6700,6710,6718,6728,
277,6654,6682,6694,6710,6720,6728,6738,
278,6663,6691,6704,6720,6730,6738,6748,
279,6673,6702,6714,6730,6739,6748,6758,
280,6683,6711,6723,6739,6750,6758,6767,
281,6693,6721,6733,6749,6759,6767,6777,
282,6702,6730,6743,6759,6769,6777,6787,
283,6712,6741,6753,6769,6778,6787,6797,
284,6722,6750,6762,6778,6789,6797,6806,
285,6732,6760,6772,6788,6798,6806,6816,
286,6742,6770,6782,6798,6808,6816,6826,
287,6751,6780,6792,6808,6818,6826,6836,
288,6762,6790,6802,6818,6827,6836,6846,
289,6771,6799,6811,6827,6838,6846,6855,
290,6781,6809,6822,6837,6847,6855,6865,
291,6790,6819,6831,6847,6857,6865,6875,
292,6801,6829,6841,6857,6866,6875,6885,
293,6810,6838,6850,6866,6876,6885,6894,
294,6820,6848,6860,6876,6886,6894,6904,
295,6830,6858,6870,6886,6896,6904,6914,
296,6840,6868,6880,6896,6906,6914,6924,
297,6850,6878,6890,6906,6915,6924,6934,
298,6859,6887,6899,6915,6926,6934,6943,
299,6869,6898,6910,6926,6935,6943,6953,
300,6879,6907,6919,6935,6945,6954,6963,
301,6889,6917,6929,6945,6954,6963,6973,
302,6898,6926,6938,6954,6964,6973,6982,
303,6908,6937,6949,6965,6974,6982,6992,
304,6918,6946,6958,6974,6984,6992,7002,
305,6928,6956,6968,6984,6994,7002,7012,
306,6933,6961,6973,6989,6998,7007,7017,
307,6938,6966,6978,6994,7003,7012,7022,
308,6942,6970,6982,6998,7008,7017,7026,
309,6948,6976,6988,7004,7014,7022,7031,
310,6953,6981,6993,7009,7018,7026,7036,
311,6958,6986,6998,7014,7023,7032,7042,
312,6962,6990,7002,7018,7028,7037,7046,
313,6967,6995,7007,7023,7033,7042,7051,
314,6972,7000,7012,7028,7038,7046,7056,
315,6978,7005,7018,7033,7043,7051,7061,
316,6982,7010,7022,7038,7048,7056,7066,
317,6987,7015,7027,7043,7053,7061,7070,
318,6992,7020,7032,7048,7058,7066,7075,
319,6997,7025,7037,7053,7062,7071,7081,
320,7002,7030,7042,7058,7067,7076,7086,
321,7006,7034,7047,7062,7072,7081,7090,
322,7012,7039,7052,7067,7078,7086,7095,
323,7017,7045,7057,7072,7082,7090,7100,
324,7022,7050,7062,7078,7087,7095,7105,
325,7026,7054,7066,7082,7092,7101,7110,
326,7031,7059,7071,7087,7097,7106,7115,
327,7036,7064,7077,7092,7102,7110,7120,
328,7041,7069,7082,7097,7106,7115,7125,
329,7046,7074,7086,7102,7112,7120,7130,
330,7051,7079,7091,7106,7117,7125,7134,
331,7056,7084,7096,7111,7122,7130,7139,
332,7061,7089,7101,7117,7126,7135,7144,
333,7066,7094,7106,7122,7131,7140,7149,
334,7070,7098,7111,7126,7136,7145,7154,
335,7076,7103,7116,7131,7142,7150,7159,
336,7081,7108,7121,7136,7146,7154,7164,
337,7086,7114,7126,7141,7151,7159,7169,
338,7090,7118,7130,7146,7156,7164,7174,
339,7095,7123,7135,7151,7161,7170,7178,
340,7100,7128,7141,7156,7166,7174,7183,
341,7105,7133,7146,7161,7170,7179,7189,
342,7110,7138,7150,7166,7176,7184,7194,
343,7115,7142,7155,7170,7181,7189,7198,
344,7120,7148,7160,7175,7186,7194,7203,
345,7125,7153,7165,7180,7190,7199,7208,
346,7130,7158,7170,7185,7195,7204,7213,
347,7134,7162,7175,7190,7200,7209,7218,
348,7140,7167,7180,7195,7205,7214,7223,
349,7145,7172,7185,7200,7210,7218,7228,
350,7150,7177,7190,7205,7215,7223,7233,
351,7154,7182,7194,7210,7220,7228,7238,
352,7159,7187,7200,7214,7225,7234,7242,
353,7164,7192,7205,7219,7230,7238,7247,
354,7169,7197,7210,7225,7234,7243,7252,
355,7174,7202,7214,7230,7240,7248,7257,
356,7179,7206,7219,7234,7245,7253,7262,
357,7184,7211,7224,7239,7250,7258,7267,
358,7189,7217,7230,7244,7254,7262,7272,
359,7194,7222,7234,7249,7259,7268,7277,
360,7198,7226,7239,7254,7264,7273,7282,
361,7204,7231,7244,7258,7269,7278,7286,
362,7209,7236,7249,7264,7274,7282,7291,
363,7214,7241,7254,7269,7279,7287,7297,
364,7218,7246,7258,7274,7284,7292,7302,
365,7223,7251,7264,7278,7289,7297,7306,
366,7228,7256,7269,7283,7294,7302,7311,
367,7233,7261,7274,7288,7298,7307,7316,
368,7238,7266,7278,7293,7303,7312,7321,
369,7243,7270,7283,7298,7309,7317,7326,
370,7248,7275,7288,7303,7314,7322,7330,
371,7253,7280,7294,7308,7318,7326,7336,
372,7258,7286,7298,7313,7323,7331,7341,
373,7262,7290,7303,7318,7328,7337,7346,
374,7267,7295,7308,7322,7333,7342,7350,
375,7273,7300,7313,7327,7338,7346,7355,
376,7278,7305,7318,7333,7343,7351,7360,
377,7282,7310,7323,7338,7348,7356,7365,
378,7287,7314,7328,7342,7353,7361,7370,
379,7292,7320,7333,7347,7358,7366,7375,
380,7297,7325,7338,7352,7362,7371,7380,
381,7302,7330,7342,7357,7367,7376,7385,
382,7307,7334,7347,7362,7373,7381,7390,
383,7312,7339,7353,7366,7378,7386,7394,
384,7317,7344,7358,7372,7382,7390,7399,
385,7322,7349,7362,7377,7387,7395,7405,
386,7326,7354,7367,7382,7392,7400,7410,
387,7331,7359,7372,7386,7397,7406,7414,
388,7337,7364,7377,7391,7402,7410,7419,
389,7342,7369,7382,7396,7407,7415,7424,
390,7346,7374,7387,7401,7412,7420,7429,
391,7351,7378,7392,7406,7417,7425,7434,
392,7356,7383,7397,7411,7422,7430,7438,
393,7361,7389,7402,7416,7426,7435,7444,
394,7366,7394,7406,7421,7431,7440,7449,
395,7371,7398,7411,7426,7437,7445,7454,
396,7376,7403,7417,7430,7442,7450,7458,
397,7381,7408,7422,7435,7446,7454,7463,
398,7386,7413,7426,7440,7451,7459,7468,
399,7390,7418,7431,7446,7456,7464,7473,
400,7395,7423,7436,7450,7461,7470,7478,
401,7401,7428,7441,7455,7466,7474,7483,
402,7406,7433,7446,7460,7471,7479,7488,
403,7410,7438,7451,7465,7476,7484,7493,
404,7415,7442,7456,7470,7481,7489,7498,
405,7420,7447,7461,7474,7486,7494,7502,
406,7425,7452,7466,7480,7490,7498,7507,
407,7430,7458,7470,7485,7495,7504,7513,
408,7435,7462,7476,7490,7501,7509,7518,
409,7440,7467,7481,7494,7506,7514,7522,
410,7445,7472,7486,7499,7510,7518,7527,
411,7450,7477,7490,7504,7515,7523,7532,
412,7454,7482,7495,7509,7520,7528,7537,
413,7459,7486,7500,7514,7525,7533,7542,
414,7465,7492,7506,7519,7530,7538,7546,
415,7470,7497,7510,7524,7535,7543,7552,
416,7474,7502,7515,7529,7540,7548,7557,
417,7479,7506,7520,7534,7545,7553,7562,
418,7481,7508,7522,7535,7546,7554,7563,
419,7483,7510,7524,7538,7549,7557,7566,
420,7485,7512,7526,7539,7550,7558,7567,
421,7487,7514,7528,7542,7553,7561,7570,
422,7489,7516,7530,7543,7554,7562,7571,
423,7491,7518,7532,7546,7557,7565,7574,
424,7493,7520,7534,7547,7558,7566,7575,
425,7495,7522,7536,7550,7561,7569,7578,
426,7497,7524,7538,7551,7562,7570,7579,
427,7499,7526,7540,7554,7565,7573,7582,
428,7501,7528,7542,7555,7566,7574,7583,
429,7503,7530,7544,7558,7569,7577,7586,
430,7505,7532,7546,7559,7570,7578,7587,
431,7507,7534,7548,7562,7573,7581,7590,
432,7509,7536,7550,7563,7574,7582,7591,
433,7510,7538,7552,7566,7577,7585,7594,
434,7513,7540,7554,7567,7578,7586,7595,
435,7514,7542,7556,7570,7581,7589,7598,
436,7517,7544,7558,7571,7582,7590,7599,
437,7518,7546,7560,7573,7585,7593,7602,
438,7521,7548,7562,7575,7586,7594,7603,
439,7522,7550,7564,7577,7589,7597,7605,
440,7525,7552,7566,7579,7590,7598,7607,
441,7526,7554,7568,7581,7593,7601,7609,
442,7529,7556,7570,7583,7594,7602,7611,
443,7530,7558,7572,7585,7597,7605,7613,
444,7533,7560,7574,7587,7598,7606,7615,
445,7534,7562,7576,7589,7601,7609,7617,
446,7536,7564,7578,7591,7602,7610,7619,
447,7538,7566,7579,7593,7604,7613,7621,
448,7540,7568,7582,7595,7606,7614,7623,
449,7542,7570,7583,7597,7608,7617,7625,
450,7544,7572,7586,7599,7610,7618,7627,
451,7546,7574,7587,7601,7612,7621,7629,
452,7548,7576,7590,7603,7614,7622,7631,
453,7550,7578,7591,7605,7616,7625,7633,
454,7552,7580,7594,7607,7618,7626,7635,
455,7554,7582,7595,7609,7620,7629,7637,
456,7556,7584,7598,7610,7622,7630,7639,
457,7558,7586,7599,7613,7624,7633,7641,
458,7560,7588,7602,7614,7626,7634,7643,
459,7562,7590,7603,7617,7628,7637,7645,
460,7564,7592,7606,7618,7630,7638,7647,
461,7566,7594,7607,7621,7632,7641,7649,
462,7568,7596,7610,7622,7634,7642,7651,
463,7570,7598,7611,7625,7636,7645,7653,
464,7572,7600,7614,7626,7638,7646,7655,
465,7574,7602,7615,7629,7640,7649,7657,
466,7576,7604,7618,7630,7642,7650,7658,
467,7578,7606,7619,7633,7644,7653,7661,
468,7580,7608,7622,7634,7646,7654,7662,
469,7582,7610,7623,7637,7648,7657,7665,
470,7584,7612,7626,7638,7650,7658,7666,
471,7586,7614,7627,7641,7652,7661,7669,
472,7588,7616,7630,7642,7654,7662,7670,
473,7590,7618,7631,7645,7656,7664,7673,
474,7591,7619,7633,7646,7658,7666,7674,
475,7594,7622,7635,7648,7660,7668,7677,
476,7595,7623,7637,7650,7662,7670,7678,
477,7598,7626,7639,7652,7664,7672,7681,
478,7599,7627,7641,7654,7666,7674,7682,
479,7602,7630,7643,7656,7668,7676,7685,
480,7603,7631,7645,7658,7670,7678,7686,
481,7606,7634,7647,7660,7672,7680,7689,
482,7607,7635,7649,7662,7674,7682,7690,
483,7610,7638,7651,7664,7676,7684,7693,
484,7611,7639,7653,7666,7678,7686,7694,
485,7614,7642,7655,7668,7680,7688,7697,
486,7615,7643,7657,7670,7682,7690,7698,
487,7618,7646,7659,7672,7684,7692,7701,
488,7619,7647,7661,7674,7686,7694,7702,
489,7621,7650,7663,7676,7688,7696,7705,
490,7623,7651,7665,7678,7690,7698,7706,
491,7625,7654,7667,7680,7692,7700,7709,
492,7627,7655,7669,7682,7694,7702,7710,
493,7629,7658,7671,7684,7696,7704,7713,
494,7631,7659,7673,7686,7698,7706,7714,
495,7633,7662,7675,7688,7700,7708,7716,
496,7635,7663,7677,7690,7702,7710,7718,
497,7637,7666,7679,7692,7704,7712,7720,
498,7639,7667,7681,7694,7706,7714,7722,
499,7641,7670,7683,7696,7708,7716,7724,
500,7643,7671,7685,7698,7710,7718,7726,
501,7645,7674,7687,7700,7712,7720,7728,
502,7646,7675,7689,7702,7714,7722,7730,
503,7649,7677,7690,7704,7716,7724,7732,
504,7650,7679,7693,7706,7718,7726,7734,
505,7653,7681,7694,7708,7720,7728,7736,
506,7654,7683,7697,7710,7722,7730,7738,
507,7657,7685,7698,7712,7724,7732,7740,
508,7658,7687,7701,7714,7726,7734,7742,
509,7661,7689,7702,7716,7728,7736,7744,
510,7662,7691,7705,7718,7730,7738,7746,
511,7665,7693,7706,7720,7732,7740,7748,
512,7666,7695,7709,7722,7734,7742,7750,
513,7669,7697,7710,7724,7736,7744,7752,
514,7670,7699,7713,7726,7738,7746,7754,
515,7673,7701,7714,7727,7740,7748,7756,
516,7674,7703,7717,7730,7742,7750,7758,
517,7676,7705,7718,7731,7744,7752,7760,
518,7678,7707,7721,7734,7746,7754,7762,
519,7680,7709,7722,7735,7748,7756,7764,
520,7682,7711,7725,7738,7750,7758,7766,
521,7684,7713,7726,7739,7752,7760,7768,
522,7686,7715,7729,7742,7754,7762,7770,
523,7688,7717,7730,7743,7756,7764,7772,
524,7690,7719,7733,7746,7758,7766,7774,
525,7692,7721,7734,7747,7760,7768,7776,
526,7694,7723,7737,7750,7762,7770,7778,
527,7696,7725,7738,7751,7764,7772,7780,
528,7698,7727,7741,7754,7766,7774,7782,
529,7700,7729,7742,7755,7768,7776,7784,
530,7700,7729,7742,7755,7767,7776,7784,
531,7700,7729,7742,7755,7767,7776,7784,
532,7700,7729,7742,7755,7767,7776,7784,
533,7700,7729,7742,7755,7767,7776,7784,
534,7700,7729,7742,7755,7767,7776,7784,
535,7700,7729,7742,7755,7767,7776,7784,
536,7700,7729,7742,7755,7767,7776,7784,
537,7700,7729,7742,7755,7767,7776,7784,
538,7700,7729,7742,7755,7767,7776,7783,
539,7700,7729,7742,7755,7767,7776,7783,
540,7700,7728,7742,7755,7767,7776,7783,
541,7700,7728,7742,7755,7767,7776,7783,
542,7700,7728,7742,7755,7767,7776,7783,
543,7700,7728,7742,7755,7767,7775,7783,
544,7700,7728,7742,7755,7767,7775,7783,
545,7700,7728,7742,7755,7767,7775,7783,
546,7700,7728,7742,7755,7767,7775,7783,
547,7699,7728,7742,7755,7767,7775,7783,
548,7699,7728,7742,7755,7767,7775,7783,
549,7699,7728,7742,7755,7767,7775,7783,
550,7699,7728,7742,7755,7767,7775,7783,
551,7699,7728,7742,7755,7767,7775,7783,
552,7699,7728,7742,7755,7767,7775,7783,
553,7699,7728,7742,7755,7767,7775,7783,
554,7699,7728,7742,7755,7766,7775,7783,
555,7699,7728,7742,7754,7766,7775,7783,
556,7699,7728,7742,7754,7766,7775,7783,
557,7699,7728,7742,7754,7766,7775,7783,
558,7699,7728,7742,7754,7766,7775,7783,
559,7699,7728,7742,7754,7766,7775,7783,
560,7699,7727,7742,7754,7766,7775,7783,
561,7699,7727,7742,7754,7766,7775,7783,
562,7699,7727,7742,7754,7766,7775,7783,
563,7699,7727,7742,7754,7766,7775,7782,
564,7699,7727,7742,7754,7766,7775,7782,
565,7699,7727,7742,7754,7766,7775,7782,
566,7699,7727,7742,7754,7766,7775,7782,
567,7699,7727,7742,7754,7766,7775,7782,
568,7699,7727,7742,7754,7766,7775,7782,
569,7699,7727,7742,7754,7766,7775,7782,
570,7699,7727,7742,7754,7766,7774,7782,
571,7699,7727,7742,7754,7766,7774,7782,
572,7699,7727,7741,7754,7766,7774,7782,
573,7699,7727,7741,7754,7766,7774,7782,
574,7699,7727,7741,7754,7766,7774,7782,
575,7699,7727,7741,7754,7766,7774,7782,
576,7699,7727,7741,7754,7766,7774,7782,
577,7699,7727,7741,7754,7766,7774,7782,
578,7699,7727,7741,7754,7766,7774,7782,
579,7699,7727,7741,7754,7766,7774,7782,
580,7699,7726,7741,7754,7766,7774,7782,
581,7699,7726,7741,7754,7766,7774,7782,
582,7699,7726,7741,7754,7766,7774,7782,
