KeyPointNum,21,,,,,,,,,,,,,,,,,,,,
KeyPointData,20,120,220,320,410,500,580,660,730,790,855,920,970,1020,1060,1090,1115,1135,1150,1160,1164
,,,,,,,,,,,,,,,,,,,,,
,,,,,,,,,,,,,,,,,,,,,
ZoomNum,1165,,,,,,,,,,,,,,,,,,,,
NormalMapNum,7,,,,,,,,,,,,,,,,,,,,
IRMapNum,0,,,,,,,,,,,,,,,,,,,,
,,,,,,,,,,,,,,,,,,,,,
,NormalMap,NormalMap,NormalMap,NormalMap,NormalMap,NormalMap,NormalMap,,,,,,,,,,,,,,
Distance(mm),100,150,200,300,500,1000,6000,,,,,,,,,,,,,,
0,1761,1788,1801,1814,1825,1831,1840,,,,,,,,,,,,,,
1,1759,1786,1799,1812,1823,1829,1838,,,,,,,,,,,,,,
2,1757,1784,1797,1810,1821,1827,1836,,,,,,,,,,,,,,
3,1755,1782,1795,1808,1819,1826,1834,,,,,,,,,,,,,,
4,1753,1780,1793,1806,1817,1824,1833,,,,,,,,,,,,,,
5,1751,1778,1791,1804,1815,1822,1831,,,,,,,,,,,,,,
6,1749,1776,1789,1802,1813,1820,1829,,,,,,,,,,,,,,
7,1747,1774,1787,1800,1811,1818,1827,,,,,,,,,,,,,,
8,1745,1772,1785,1798,1809,1816,1825,,,,,,,,,,,,,,
9,1743,1770,1783,1796,1808,1814,1823,,,,,,,,,,,,,,
10,1741,1768,1781,1794,1806,1812,1821,,,,,,,,,,,,,,
11,1739,1766,1779,1792,1804,1811,1819,,,,,,,,,,,,,,
12,1737,1764,1777,1790,1802,1809,1818,,,,,,,,,,,,,,
13,1735,1762,1775,1789,1800,1807,1816,,,,,,,,,,,,,,
14,1733,1760,1773,1787,1798,1805,1814,,,,,,,,,,,,,,
15,1731,1758,1771,1785,1796,1803,1812,,,,,,,,,,,,,,
16,1729,1756,1769,1783,1794,1801,1810,,,,,,,,,,,,,,
17,1727,1754,1767,1781,1792,1799,1808,,,,,,,,,,,,,,
18,1725,1752,1766,1779,1790,1797,1806,,,,,,,,,,,,,,
19,1722,1750,1764,1777,1788,1795,1804,,,,,,,,,,,,,,
20,1720,1748,1762,1775,1786,1794,1803,,,,,,,,,,,,,,
21,1718,1746,1760,1773,1784,1792,1801,,,,,,,,,,,,,,
22,1716,1744,1758,1771,1783,1790,1799,,,,,,,,,,,,,,
23,1714,1742,1756,1769,1781,1788,1797,,,,,,,,,,,,,,
24,1712,1740,1754,1767,1779,1786,1795,,,,,,,,,,,,,,
25,1710,1738,1752,1765,1777,1784,1793,,,,,,,,,,,,,,
26,1708,1736,1750,1763,1775,1782,1791,,,,,,,,,,,,,,
27,1706,1734,1748,1762,1773,1780,1789,,,,,,,,,,,,,,
28,1704,1732,1746,1760,1771,1779,1788,,,,,,,,,,,,,,
29,1702,1730,1744,1758,1769,1777,1786,,,,,,,,,,,,,,
30,1700,1728,1742,1756,1767,1775,1784,,,,,,,,,,,,,,
31,1698,1726,1740,1754,1765,1773,1782,,,,,,,,,,,,,,
32,1696,1725,1738,1752,1763,1771,1780,,,,,,,,,,,,,,
33,1694,1723,1736,1750,1761,1769,1778,,,,,,,,,,,,,,
34,1692,1721,1734,1748,1760,1767,1776,,,,,,,,,,,,,,
35,1690,1719,1732,1746,1758,1765,1774,,,,,,,,,,,,,,
36,1688,1717,1730,1744,1756,1764,1773,,,,,,,,,,,,,,
37,1686,1715,1728,1742,1754,1762,1771,,,,,,,,,,,,,,
38,1684,1713,1726,1740,1752,1760,1769,,,,,,,,,,,,,,
39,1682,1711,1724,1738,1750,1758,1767,,,,,,,,,,,,,,
40,1680,1709,1722,1736,1748,1756,1765,,,,,,,,,,,,,,
41,1678,1707,1720,1735,1746,1754,1763,,,,,,,,,,,,,,
42,1676,1705,1718,1733,1744,1752,1761,,,,,,,,,,,,,,
43,1674,1703,1717,1731,1742,1750,1760,,,,,,,,,,,,,,
44,1672,1701,1715,1729,1740,1748,1758,,,,,,,,,,,,,,
45,1670,1699,1713,1727,1738,1747,1756,,,,,,,,,,,,,,
46,1668,1697,1711,1725,1736,1745,1754,,,,,,,,,,,,,,
47,1666,1695,1709,1723,1735,1743,1752,,,,,,,,,,,,,,
48,1664,1693,1707,1721,1733,1741,1750,,,,,,,,,,,,,,
49,1662,1691,1705,1719,1731,1739,1748,,,,,,,,,,,,,,
50,1660,1689,1703,1717,1729,1737,1746,,,,,,,,,,,,,,
51,1658,1687,1701,1715,1727,1735,1745,,,,,,,,,,,,,,
52,1656,1685,1699,1713,1725,1733,1743,,,,,,,,,,,,,,
53,1654,1683,1697,1711,1723,1732,1741,,,,,,,,,,,,,,
54,1652,1681,1695,1709,1721,1730,1739,,,,,,,,,,,,,,
55,1650,1679,1693,1708,1719,1728,1737,,,,,,,,,,,,,,
56,1648,1677,1691,1706,1717,1726,1735,,,,,,,,,,,,,,
57,1646,1675,1689,1704,1715,1724,1733,,,,,,,,,,,,,,
58,1644,1673,1687,1702,1713,1722,1731,,,,,,,,,,,,,,
59,1642,1671,1685,1700,1712,1720,1730,,,,,,,,,,,,,,
60,1640,1669,1683,1698,1710,1718,1728,,,,,,,,,,,,,,
61,1638,1667,1681,1696,1708,1717,1726,,,,,,,,,,,,,,
62,1636,1665,1679,1694,1706,1715,1724,,,,,,,,,,,,,,
63,1634,1663,1677,1692,1704,1713,1722,,,,,,,,,,,,,,
64,1632,1661,1675,1690,1702,1711,1720,,,,,,,,,,,,,,
65,1630,1659,1673,1688,1700,1709,1718,,,,,,,,,,,,,,
66,1628,1657,1671,1686,1698,1707,1716,,,,,,,,,,,,,,
67,1626,1655,1669,1684,1696,1705,1715,,,,,,,,,,,,,,
68,1624,1653,1668,1682,1694,1703,1713,,,,,,,,,,,,,,
69,1622,1651,1666,1681,1692,1701,1711,,,,,,,,,,,,,,
70,1620,1649,1664,1679,1690,1700,1709,,,,,,,,,,,,,,
71,1618,1647,1662,1677,1688,1698,1707,,,,,,,,,,,,,,
72,1616,1645,1660,1675,1687,1696,1705,,,,,,,,,,,,,,
73,1614,1643,1658,1673,1685,1694,1703,,,,,,,,,,,,,,
74,1612,1641,1656,1671,1683,1692,1701,,,,,,,,,,,,,,
75,1610,1639,1654,1669,1681,1690,1700,,,,,,,,,,,,,,
76,1608,1637,1652,1667,1679,1688,1698,,,,,,,,,,,,,,
77,1606,1635,1650,1665,1677,1686,1696,,,,,,,,,,,,,,
78,1604,1633,1648,1663,1675,1685,1694,,,,,,,,,,,,,,
79,1602,1631,1646,1661,1673,1683,1692,,,,,,,,,,,,,,
80,1600,1629,1644,1659,1671,1681,1690,,,,,,,,,,,,,,
81,1598,1627,1642,1657,1669,1679,1688,,,,,,,,,,,,,,
82,1595,1625,1640,1656,1667,1677,1686,,,,,,,,,,,,,,
83,1593,1623,1638,1654,1665,1675,1685,,,,,,,,,,,,,,
84,1591,1621,1636,1652,1664,1673,1683,,,,,,,,,,,,,,
85,1589,1619,1634,1650,1662,1671,1681,,,,,,,,,,,,,,
86,1587,1617,1632,1648,1660,1670,1679,,,,,,,,,,,,,,
87,1585,1615,1630,1646,1658,1668,1677,,,,,,,,,,,,,,
88,1583,1613,1628,1644,1656,1666,1675,,,,,,,,,,,,,,
89,1581,1611,1626,1642,1654,1664,1673,,,,,,,,,,,,,,
90,1579,1609,1624,1640,1652,1662,1672,,,,,,,,,,,,,,
91,1577,1607,1622,1638,1650,1660,1670,,,,,,,,,,,,,,
92,1575,1605,1620,1636,1648,1658,1668,,,,,,,,,,,,,,
93,1573,1603,1619,1634,1646,1656,1666,,,,,,,,,,,,,,
94,1571,1602,1617,1632,1644,1654,1664,,,,,,,,,,,,,,
95,1569,1600,1615,1630,1642,1653,1662,,,,,,,,,,,,,,
96,1567,1598,1613,1629,1641,1650,1660,,,,,,,,,,,,,,
97,1565,1596,1611,1627,1639,1648,1658,,,,,,,,,,,,,,
98,1563,1594,1609,1625,1637,1647,1656,,,,,,,,,,,,,,
99,1561,1592,1607,1623,1635,1645,1654,,,,,,,,,,,,,,
100,1559,1590,1605,1621,1633,1643,1653,,,,,,,,,,,,,,
101,1557,1588,1603,1619,1631,1641,1651,,,,,,,,,,,,,,
102,1555,1586,1601,1617,1629,1639,1649,,,,,,,,,,,,,,
103,1553,1584,1599,1615,1627,1637,1647,,,,,,,,,,,,,,
104,1551,1582,1597,1613,1626,1635,1645,,,,,,,,,,,,,,
105,1549,1580,1595,1611,1624,1633,1643,,,,,,,,,,,,,,
106,1547,1578,1593,1609,1622,1631,1641,,,,,,,,,,,,,,
107,1544,1576,1591,1608,1620,1629,1639,,,,,,,,,,,,,,
108,1542,1574,1589,1606,1618,1628,1638,,,,,,,,,,,,,,
109,1540,1572,1587,1604,1616,1626,1636,,,,,,,,,,,,,,
110,1538,1570,1585,1602,1614,1624,1634,,,,,,,,,,,,,,
111,1536,1568,1584,1600,1612,1622,1632,,,,,,,,,,,,,,
112,1534,1566,1582,1598,1610,1620,1630,,,,,,,,,,,,,,
113,1532,1564,1580,1596,1608,1618,1628,,,,,,,,,,,,,,
114,1530,1562,1578,1594,1607,1616,1626,,,,,,,,,,,,,,
115,1528,1560,1576,1592,1605,1614,1624,,,,,,,,,,,,,,
116,1526,1558,1574,1590,1603,1612,1623,,,,,,,,,,,,,,
117,1524,1556,1572,1588,1601,1610,1621,,,,,,,,,,,,,,
118,1522,1554,1570,1586,1599,1609,1619,,,,,,,,,,,,,,
119,1520,1552,1568,1584,1597,1607,1617,,,,,,,,,,,,,,
120,1518,1550,1566,1582,1595,1605,1615,,,,,,,,,,,,,,
121,1516,1548,1564,1580,1593,1603,1613,,,,,,,,,,,,,,
122,1514,1546,1562,1578,1591,1601,1611,,,,,,,,,,,,,,
123,1511,1544,1560,1577,1589,1599,1609,,,,,,,,,,,,,,
124,1509,1542,1558,1575,1587,1597,1608,,,,,,,,,,,,,,
125,1507,1540,1556,1573,1586,1595,1606,,,,,,,,,,,,,,
126,1505,1538,1554,1571,1584,1593,1604,,,,,,,,,,,,,,
127,1503,1536,1552,1569,1582,1591,1602,,,,,,,,,,,,,,
128,1501,1534,1550,1567,1580,1589,1600,,,,,,,,,,,,,,
129,1499,1532,1548,1565,1578,1588,1598,,,,,,,,,,,,,,
130,1497,1530,1546,1563,1576,1586,1596,,,,,,,,,,,,,,
131,1495,1528,1544,1561,1574,1584,1594,,,,,,,,,,,,,,
132,1493,1526,1543,1559,1572,1582,1593,,,,,,,,,,,,,,
133,1491,1524,1541,1557,1570,1580,1591,,,,,,,,,,,,,,
134,1489,1522,1539,1555,1568,1578,1589,,,,,,,,,,,,,,
135,1487,1520,1537,1553,1567,1576,1587,,,,,,,,,,,,,,
136,1485,1518,1535,1551,1565,1574,1585,,,,,,,,,,,,,,
137,1483,1516,1533,1549,1563,1572,1583,,,,,,,,,,,,,,
138,1481,1514,1531,1547,1561,1570,1581,,,,,,,,,,,,,,
139,1478,1512,1529,1546,1559,1569,1580,,,,,,,,,,,,,,
140,1476,1510,1527,1544,1557,1567,1578,,,,,,,,,,,,,,
141,1474,1508,1525,1542,1555,1565,1576,,,,,,,,,,,,,,
142,1472,1506,1523,1540,1553,1563,1574,,,,,,,,,,,,,,
143,1470,1504,1521,1538,1551,1561,1572,,,,,,,,,,,,,,
144,1468,1502,1519,1536,1549,1559,1570,,,,,,,,,,,,,,
145,1466,1500,1517,1534,1548,1557,1568,,,,,,,,,,,,,,
146,1464,1498,1515,1532,1546,1555,1566,,,,,,,,,,,,,,
147,1462,1496,1513,1530,1544,1553,1564,,,,,,,,,,,,,,
148,1460,1494,1511,1528,1542,1551,1563,,,,,,,,,,,,,,
149,1458,1492,1509,1526,1540,1550,1561,,,,,,,,,,,,,,
150,1456,1490,1507,1524,1538,1548,1559,,,,,,,,,,,,,,
151,1454,1488,1505,1522,1536,1546,1557,,,,,,,,,,,,,,
152,1452,1486,1503,1520,1534,1544,1555,,,,,,,,,,,,,,
153,1450,1484,1501,1518,1532,1542,1553,,,,,,,,,,,,,,
154,1447,1482,1499,1516,1530,1540,1551,,,,,,,,,,,,,,
155,1445,1480,1497,1514,1528,1538,1549,,,,,,,,,,,,,,
156,1443,1478,1495,1512,1526,1536,1547,,,,,,,,,,,,,,
157,1441,1476,1493,1511,1524,1534,1545,,,,,,,,,,,,,,
158,1439,1474,1491,1509,1523,1533,1544,,,,,,,,,,,,,,
159,1437,1472,1489,1507,1521,1531,1542,,,,,,,,,,,,,,
160,1435,1470,1487,1505,1519,1529,1540,,,,,,,,,,,,,,
161,1433,1468,1485,1503,1517,1527,1538,,,,,,,,,,,,,,
162,1431,1466,1483,1501,1515,1525,1536,,,,,,,,,,,,,,
163,1429,1464,1481,1499,1513,1523,1534,,,,,,,,,,,,,,
164,1427,1462,1479,1497,1511,1521,1532,,,,,,,,,,,,,,
165,1425,1460,1478,1495,1509,1519,1530,,,,,,,,,,,,,,
166,1423,1458,1476,1493,1507,1517,1528,,,,,,,,,,,,,,
167,1421,1456,1474,1491,1505,1516,1526,,,,,,,,,,,,,,
168,1419,1454,1472,1489,1503,1514,1525,,,,,,,,,,,,,,
169,1417,1452,1470,1487,1501,1512,1523,,,,,,,,,,,,,,
170,1414,1450,1468,1485,1500,1510,1521,,,,,,,,,,,,,,
171,1412,1448,1466,1483,1498,1508,1519,,,,,,,,,,,,,,
172,1410,1446,1464,1481,1496,1506,1517,,,,,,,,,,,,,,
173,1408,1444,1462,1479,1494,1504,1515,,,,,,,,,,,,,,
174,1406,1442,1460,1477,1492,1502,1513,,,,,,,,,,,,,,
175,1404,1439,1458,1475,1490,1500,1511,,,,,,,,,,,,,,
176,1402,1437,1456,1473,1488,1499,1509,,,,,,,,,,,,,,
177,1400,1435,1454,1471,1486,1497,1507,,,,,,,,,,,,,,
178,1398,1433,1452,1470,1484,1495,1505,,,,,,,,,,,,,,
179,1396,1431,1450,1468,1482,1493,1504,,,,,,,,,,,,,,
180,1394,1429,1448,1466,1480,1491,1502,,,,,,,,,,,,,,
181,1392,1427,1446,1464,1478,1489,1500,,,,,,,,,,,,,,
182,1390,1425,1444,1462,1476,1487,1498,,,,,,,,,,,,,,
183,1388,1423,1442,1460,1475,1485,1496,,,,,,,,,,,,,,
184,1386,1421,1440,1458,1473,1483,1494,,,,,,,,,,,,,,
185,1384,1419,1438,1456,1471,1482,1492,,,,,,,,,,,,,,
186,1381,1417,1436,1454,1469,1480,1490,,,,,,,,,,,,,,
187,1379,1415,1434,1452,1467,1478,1488,,,,,,,,,,,,,,
188,1377,1413,1432,1450,1465,1476,1486,,,,,,,,,,,,,,
189,1375,1411,1430,1448,1463,1474,1485,,,,,,,,,,,,,,
190,1373,1409,1428,1446,1461,1472,1483,,,,,,,,,,,,,,
191,1371,1407,1426,1444,1459,1470,1481,,,,,,,,,,,,,,
192,1369,1405,1424,1442,1457,1468,1479,,,,,,,,,,,,,,
193,1367,1403,1422,1440,1455,1466,1477,,,,,,,,,,,,,,
194,1365,1401,1420,1438,1453,1465,1475,,,,,,,,,,,,,,
195,1363,1399,1418,1436,1452,1463,1473,,,,,,,,,,,,,,
196,1361,1397,1416,1434,1450,1461,1471,,,,,,,,,,,,,,
197,1359,1395,1414,1432,1448,1459,1469,,,,,,,,,,,,,,
198,1357,1393,1412,1430,1446,1457,1467,,,,,,,,,,,,,,
199,1354,1391,1410,1428,1444,1455,1466,,,,,,,,,,,,,,
200,1352,1389,1408,1426,1442,1453,1464,,,,,,,,,,,,,,
201,1350,1387,1406,1425,1440,1451,1462,,,,,,,,,,,,,,
202,1348,1385,1404,1423,1438,1449,1460,,,,,,,,,,,,,,
203,1346,1383,1402,1421,1436,1447,1458,,,,,,,,,,,,,,
204,1344,1381,1400,1419,1434,1445,1456,,,,,,,,,,,,,,
205,1342,1379,1398,1417,1432,1443,1454,,,,,,,,,,,,,,
206,1339,1377,1396,1415,1430,1441,1453,,,,,,,,,,,,,,
207,1337,1375,1394,1413,1428,1439,1451,,,,,,,,,,,,,,
208,1335,1373,1392,1411,1426,1437,1449,,,,,,,,,,,,,,
209,1333,1370,1390,1409,1424,1436,1447,,,,,,,,,,,,,,
210,1331,1368,1388,1407,1422,1434,1445,,,,,,,,,,,,,,
211,1329,1366,1386,1405,1420,1432,1443,,,,,,,,,,,,,,
212,1327,1364,1384,1403,1418,1430,1441,,,,,,,,,,,,,,
213,1324,1362,1382,1401,1417,1428,1440,,,,,,,,,,,,,,
214,1322,1360,1380,1399,1415,1426,1438,,,,,,,,,,,,,,
215,1320,1358,1378,1397,1413,1424,1436,,,,,,,,,,,,,,
216,1318,1356,1376,1395,1411,1422,1434,,,,,,,,,,,,,,
217,1316,1354,1374,1393,1409,1420,1432,,,,,,,,,,,,,,
218,1314,1352,1372,1391,1407,1418,1430,,,,,,,,,,,,,,
219,1312,1350,1370,1389,1405,1416,1428,,,,,,,,,,,,,,
220,1310,1348,1368,1387,1403,1414,1426,,,,,,,,,,,,,,
221,1307,1346,1366,1385,1401,1412,1425,,,,,,,,,,,,,,
222,1305,1344,1364,1383,1399,1410,1423,,,,,,,,,,,,,,
223,1303,1342,1362,1381,1397,1408,1421,,,,,,,,,,,,,,
224,1301,1340,1360,1379,1395,1406,1419,,,,,,,,,,,,,,
225,1299,1338,1358,1377,1393,1404,1417,,,,,,,,,,,,,,
226,1297,1336,1356,1375,1391,1402,1415,,,,,,,,,,,,,,
227,1295,1334,1354,1373,1389,1401,1413,,,,,,,,,,,,,,
228,1293,1332,1352,1371,1387,1399,1411,,,,,,,,,,,,,,
229,1291,1330,1350,1369,1385,1397,1410,,,,,,,,,,,,,,
230,1288,1328,1348,1367,1384,1395,1408,,,,,,,,,,,,,,
231,1286,1326,1346,1365,1382,1393,1406,,,,,,,,,,,,,,
232,1284,1324,1344,1363,1380,1391,1404,,,,,,,,,,,,,,
233,1282,1322,1342,1361,1378,1389,1402,,,,,,,,,,,,,,
234,1280,1320,1340,1359,1376,1387,1400,,,,,,,,,,,,,,
235,1278,1317,1338,1357,1374,1385,1398,,,,,,,,,,,,,,
236,1276,1315,1336,1355,1372,1383,1397,,,,,,,,,,,,,,
237,1274,1313,1334,1353,1370,1382,1395,,,,,,,,,,,,,,
238,1272,1311,1332,1351,1368,1380,1393,,,,,,,,,,,,,,
239,1270,1309,1330,1350,1366,1378,1391,,,,,,,,,,,,,,
240,1268,1307,1328,1348,1364,1376,1389,,,,,,,,,,,,,,
241,1266,1305,1326,1346,1362,1374,1387,,,,,,,,,,,,,,
242,1264,1303,1324,1344,1360,1372,1385,,,,,,,,,,,,,,
243,1261,1301,1322,1342,1359,1370,1384,,,,,,,,,,,,,,
244,1259,1299,1320,1340,1357,1368,1382,,,,,,,,,,,,,,
245,1257,1297,1318,1338,1355,1366,1380,,,,,,,,,,,,,,
246,1255,1295,1316,1336,1353,1364,1378,,,,,,,,,,,,,,
247,1253,1293,1314,1334,1351,1363,1376,,,,,,,,,,,,,,
248,1251,1291,1312,1332,1349,1361,1374,,,,,,,,,,,,,,
249,1249,1289,1310,1330,1347,1359,1372,,,,,,,,,,,,,,
250,1247,1287,1308,1328,1345,1357,1370,,,,,,,,,,,,,,
251,1245,1285,1306,1326,1343,1355,1369,,,,,,,,,,,,,,
252,1243,1283,1304,1324,1341,1353,1367,,,,,,,,,,,,,,
253,1241,1280,1302,1322,1339,1351,1365,,,,,,,,,,,,,,
254,1239,1278,1300,1320,1337,1349,1363,,,,,,,,,,,,,,
255,1236,1276,1298,1318,1336,1347,1361,,,,,,,,,,,,,,
256,1234,1274,1296,1316,1334,1346,1359,,,,,,,,,,,,,,
257,1232,1272,1294,1314,1332,1344,1357,,,,,,,,,,,,,,
258,1230,1271,1292,1312,1330,1342,1355,,,,,,,,,,,,,,
259,1228,1269,1290,1310,1328,1340,1354,,,,,,,,,,,,,,
260,1226,1267,1288,1308,1326,1338,1352,,,,,,,,,,,,,,
261,1224,1265,1286,1307,1324,1336,1350,,,,,,,,,,,,,,
262,1222,1263,1284,1305,1322,1334,1348,,,,,,,,,,,,,,
263,1220,1261,1282,1303,1320,1332,1346,,,,,,,,,,,,,,
264,1218,1259,1280,1301,1318,1330,1344,,,,,,,,,,,,,,
265,1216,1257,1279,1299,1316,1329,1342,,,,,,,,,,,,,,
266,1214,1255,1277,1297,1314,1327,1340,,,,,,,,,,,,,,
267,1212,1253,1275,1295,1312,1325,1338,,,,,,,,,,,,,,
268,1209,1251,1273,1293,1311,1323,1336,,,,,,,,,,,,,,
269,1207,1249,1271,1291,1309,1321,1335,,,,,,,,,,,,,,
270,1205,1247,1269,1289,1307,1319,1333,,,,,,,,,,,,,,
271,1203,1245,1267,1288,1305,1317,1331,,,,,,,,,,,,,,
272,1201,1243,1265,1286,1303,1315,1329,,,,,,,,,,,,,,
273,1199,1241,1263,1284,1301,1313,1327,,,,,,,,,,,,,,
274,1197,1239,1261,1282,1299,1311,1325,,,,,,,,,,,,,,
275,1195,1237,1259,1280,1297,1310,1323,,,,,,,,,,,,,,
276,1193,1236,1257,1278,1295,1308,1321,,,,,,,,,,,,,,
277,1191,1234,1255,1276,1293,1306,1319,,,,,,,,,,,,,,
278,1189,1232,1253,1274,1291,1304,1317,,,,,,,,,,,,,,
279,1187,1230,1251,1272,1289,1302,1316,,,,,,,,,,,,,,
280,1184,1228,1249,1270,1288,1300,1314,,,,,,,,,,,,,,
281,1182,1226,1247,1269,1286,1298,1312,,,,,,,,,,,,,,
282,1180,1224,1245,1267,1284,1296,1310,,,,,,,,,,,,,,
283,1178,1222,1244,1265,1282,1294,1308,,,,,,,,,,,,,,
284,1176,1220,1242,1263,1280,1293,1306,,,,,,,,,,,,,,
285,1174,1218,1240,1261,1278,1291,1304,,,,,,,,,,,,,,
286,1172,1216,1238,1259,1276,1289,1302,,,,,,,,,,,,,,
287,1170,1214,1236,1257,1274,1287,1301,,,,,,,,,,,,,,
288,1168,1212,1234,1255,1272,1285,1299,,,,,,,,,,,,,,
289,1166,1210,1232,1253,1270,1283,1297,,,,,,,,,,,,,,
290,1164,1208,1230,1251,1268,1281,1295,,,,,,,,,,,,,,
291,1161,1206,1228,1249,1267,1280,1293,,,,,,,,,,,,,,
292,1159,1204,1226,1248,1265,1278,1292,,,,,,,,,,,,,,
293,1157,1202,1224,1246,1263,1276,1290,,,,,,,,,,,,,,
294,1155,1200,1222,1244,1261,1274,1288,,,,,,,,,,,,,,
295,1153,1197,1220,1242,1259,1272,1286,,,,,,,,,,,,,,
296,1151,1195,1218,1240,1257,1270,1284,,,,,,,,,,,,,,
297,1149,1193,1216,1238,1255,1269,1282,,,,,,,,,,,,,,
298,1147,1191,1214,1236,1253,1267,1281,,,,,,,,,,,,,,
299,1145,1189,1212,1234,1251,1265,1279,,,,,,,,,,,,,,
300,1143,1187,1210,1232,1249,1263,1277,,,,,,,,,,,,,,
301,1140,1185,1208,1230,1248,1261,1275,,,,,,,,,,,,,,
302,1138,1183,1206,1228,1246,1259,1273,,,,,,,,,,,,,,
303,1136,1181,1204,1226,1244,1258,1272,,,,,,,,,,,,,,
304,1134,1179,1202,1224,1242,1256,1270,,,,,,,,,,,,,,
305,1132,1177,1200,1222,1240,1254,1268,,,,,,,,,,,,,,
306,1130,1175,1198,1220,1238,1252,1266,,,,,,,,,,,,,,
307,1128,1173,1196,1218,1236,1250,1264,,,,,,,,,,,,,,
308,1126,1171,1194,1216,1234,1248,1262,,,,,,,,,,,,,,
309,1124,1169,1192,1214,1232,1246,1261,,,,,,,,,,,,,,
310,1122,1167,1190,1213,1230,1245,1259,,,,,,,,,,,,,,
311,1119,1165,1188,1211,1229,1243,1257,,,,,,,,,,,,,,
312,1117,1163,1186,1209,1227,1241,1255,,,,,,,,,,,,,,
313,1115,1160,1184,1207,1225,1239,1253,,,,,,,,,,,,,,
314,1113,1158,1182,1205,1223,1237,1252,,,,,,,,,,,,,,
315,1111,1156,1180,1203,1221,1235,1250,,,,,,,,,,,,,,
316,1109,1154,1178,1201,1219,1234,1248,,,,,,,,,,,,,,
317,1107,1152,1176,1199,1217,1232,1246,,,,,,,,,,,,,,
318,1105,1150,1174,1197,1215,1230,1244,,,,,,,,,,,,,,
319,1102,1148,1172,1195,1214,1228,1242,,,,,,,,,,,,,,
320,1100,1146,1170,1193,1212,1226,1241,,,,,,,,,,,,,,
321,1098,1144,1168,1191,1210,1224,1239,,,,,,,,,,,,,,
322,1096,1142,1166,1189,1208,1223,1237,,,,,,,,,,,,,,
323,1094,1140,1164,1187,1206,1221,1235,,,,,,,,,,,,,,
324,1092,1138,1162,1185,1204,1219,1233,,,,,,,,,,,,,,
325,1090,1136,1160,1183,1202,1217,1231,,,,,,,,,,,,,,
326,1088,1134,1158,1181,1200,1215,1229,,,,,,,,,,,,,,
327,1086,1132,1156,1179,1198,1213,1227,,,,,,,,,,,,,,
328,1084,1130,1154,1177,1196,1212,1226,,,,,,,,,,,,,,
329,1081,1128,1152,1176,1195,1210,1224,,,,,,,,,,,,,,
330,1079,1126,1150,1174,1193,1208,1222,,,,,,,,,,,,,,
331,1077,1124,1148,1172,1191,1206,1220,,,,,,,,,,,,,,
332,1075,1122,1146,1170,1189,1204,1218,,,,,,,,,,,,,,
333,1073,1120,1144,1168,1187,1202,1216,,,,,,,,,,,,,,
334,1071,1118,1142,1166,1185,1200,1214,,,,,,,,,,,,,,
335,1069,1116,1140,1164,1183,1199,1213,,,,,,,,,,,,,,
336,1067,1114,1138,1162,1181,1197,1211,,,,,,,,,,,,,,
337,1065,1112,1136,1160,1179,1195,1209,,,,,,,,,,,,,,
338,1063,1110,1134,1158,1177,1193,1207,,,,,,,,,,,,,,
339,1060,1108,1132,1156,1176,1191,1205,,,,,,,,,,,,,,
340,1058,1106,1130,1154,1174,1189,1203,,,,,,,,,,,,,,
341,1056,1104,1128,1152,1172,1188,1201,,,,,,,,,,,,,,
342,1054,1102,1126,1150,1170,1186,1200,,,,,,,,,,,,,,
343,1052,1100,1124,1148,1168,1184,1198,,,,,,,,,,,,,,
344,1050,1098,1122,1146,1166,1182,1196,,,,,,,,,,,,,,
345,1048,1096,1120,1144,1164,1180,1194,,,,,,,,,,,,,,
346,1046,1094,1118,1142,1162,1178,1192,,,,,,,,,,,,,,
347,1043,1092,1116,1141,1161,1177,1190,,,,,,,,,,,,,,
348,1041,1090,1114,1139,1159,1175,1188,,,,,,,,,,,,,,
349,1039,1088,1112,1137,1157,1173,1186,,,,,,,,,,,,,,
350,1037,1086,1110,1135,1155,1171,1185,,,,,,,,,,,,,,
351,1035,1084,1109,1133,1153,1169,1183,,,,,,,,,,,,,,
352,1033,1082,1107,1131,1151,1167,1181,,,,,,,,,,,,,,
353,1031,1080,1105,1129,1149,1165,1179,,,,,,,,,,,,,,
354,1029,1078,1103,1127,1147,1163,1177,,,,,,,,,,,,,,
355,1027,1076,1101,1125,1145,1161,1175,,,,,,,,,,,,,,
356,1025,1074,1099,1123,1143,1159,1174,,,,,,,,,,,,,,
357,1022,1072,1097,1122,1142,1158,1172,,,,,,,,,,,,,,
358,1020,1070,1095,1120,1140,1156,1170,,,,,,,,,,,,,,
359,1018,1068,1093,1118,1138,1154,1168,,,,,,,,,,,,,,
360,1016,1066,1091,1116,1136,1152,1166,,,,,,,,,,,,,,
361,1014,1064,1089,1114,1134,1150,1164,,,,,,,,,,,,,,
362,1012,1062,1087,1112,1132,1148,1163,,,,,,,,,,,,,,
363,1010,1060,1085,1110,1130,1146,1161,,,,,,,,,,,,,,
364,1008,1058,1083,1108,1128,1144,1159,,,,,,,,,,,,,,
365,1006,1056,1081,1106,1126,1142,1157,,,,,,,,,,,,,,
366,1004,1054,1079,1104,1124,1140,1155,,,,,,,,,,,,,,
367,1001,1052,1077,1103,1123,1139,1153,,,,,,,,,,,,,,
368,999,1050,1075,1101,1121,1137,1152,,,,,,,,,,,,,,
369,997,1048,1073,1099,1119,1135,1150,,,,,,,,,,,,,,
370,995,1046,1071,1097,1117,1133,1148,,,,,,,,,,,,,,
371,993,1044,1069,1095,1115,1131,1146,,,,,,,,,,,,,,
372,991,1042,1067,1093,1113,1129,1144,,,,,,,,,,,,,,
373,989,1040,1065,1091,1111,1127,1142,,,,,,,,,,,,,,
374,987,1038,1063,1089,1109,1125,1140,,,,,,,,,,,,,,
375,985,1036,1061,1087,1107,1123,1139,,,,,,,,,,,,,,
376,982,1034,1059,1086,1106,1122,1137,,,,,,,,,,,,,,
377,980,1032,1057,1084,1104,1120,1135,,,,,,,,,,,,,,
378,978,1030,1055,1082,1102,1118,1133,,,,,,,,,,,,,,
379,976,1028,1053,1080,1100,1116,1132,,,,,,,,,,,,,,
380,974,1026,1052,1078,1098,1114,1130,,,,,,,,,,,,,,
381,972,1024,1050,1076,1097,1113,1128,,,,,,,,,,,,,,
382,970,1022,1048,1074,1095,1111,1126,,,,,,,,,,,,,,
383,968,1020,1046,1073,1093,1109,1125,,,,,,,,,,,,,,
384,966,1018,1044,1071,1091,1107,1123,,,,,,,,,,,,,,
385,964,1016,1042,1069,1090,1106,1121,,,,,,,,,,,,,,
386,962,1014,1040,1067,1088,1104,1119,,,,,,,,,,,,,,
387,960,1012,1038,1065,1086,1102,1118,,,,,,,,,,,,,,
388,957,1010,1036,1063,1084,1100,1116,,,,,,,,,,,,,,
389,955,1008,1034,1061,1082,1098,1114,,,,,,,,,,,,,,
390,953,1006,1032,1060,1081,1097,1112,,,,,,,,,,,,,,
391,951,1004,1030,1058,1079,1095,1111,,,,,,,,,,,,,,
392,949,1002,1028,1056,1077,1093,1109,,,,,,,,,,,,,,
393,947,1000,1027,1054,1075,1091,1107,,,,,,,,,,,,,,
394,945,998,1025,1052,1073,1089,1106,,,,,,,,,,,,,,
395,943,996,1023,1050,1072,1088,1104,,,,,,,,,,,,,,
396,941,994,1021,1048,1070,1086,1102,,,,,,,,,,,,,,
397,939,992,1019,1046,1068,1084,1100,,,,,,,,,,,,,,
398,937,990,1017,1045,1066,1082,1099,,,,,,,,,,,,,,
399,935,988,1015,1043,1065,1081,1097,,,,,,,,,,,,,,
400,932,986,1013,1041,1063,1079,1095,,,,,,,,,,,,,,
401,930,984,1011,1039,1061,1077,1093,,,,,,,,,,,,,,
402,928,982,1009,1037,1059,1075,1092,,,,,,,,,,,,,,
403,926,980,1007,1035,1057,1073,1090,,,,,,,,,,,,,,
404,924,978,1005,1033,1056,1072,1088,,,,,,,,,,,,,,
405,922,976,1004,1032,1054,1070,1086,,,,,,,,,,,,,,
406,920,974,1002,1030,1052,1068,1085,,,,,,,,,,,,,,
407,918,972,1000,1028,1050,1066,1083,,,,,,,,,,,,,,
408,916,971,998,1026,1048,1064,1081,,,,,,,,,,,,,,
409,914,969,996,1024,1047,1063,1080,,,,,,,,,,,,,,
410,912,967,994,1022,1045,1061,1078,,,,,,,,,,,,,,
411,910,965,992,1020,1043,1059,1076,,,,,,,,,,,,,,
412,908,963,990,1018,1041,1057,1074,,,,,,,,,,,,,,
413,906,961,988,1017,1039,1056,1073,,,,,,,,,,,,,,
414,904,959,986,1015,1037,1054,1071,,,,,,,,,,,,,,
415,901,957,985,1013,1036,1052,1069,,,,,,,,,,,,,,
416,899,955,983,1011,1034,1050,1067,,,,,,,,,,,,,,
417,897,953,981,1009,1032,1048,1066,,,,,,,,,,,,,,
418,895,951,979,1007,1030,1047,1064,,,,,,,,,,,,,,
419,893,949,977,1005,1028,1045,1062,,,,,,,,,,,,,,
420,891,947,975,1004,1027,1043,1060,,,,,,,,,,,,,,
421,889,945,973,1002,1025,1041,1059,,,,,,,,,,,,,,
422,887,943,971,1000,1023,1039,1057,,,,,,,,,,,,,,
423,885,941,969,998,1021,1038,1055,,,,,,,,,,,,,,
424,883,939,967,996,1019,1036,1054,,,,,,,,,,,,,,
425,881,937,966,994,1017,1034,1052,,,,,,,,,,,,,,
426,879,936,964,992,1016,1032,1050,,,,,,,,,,,,,,
427,877,934,962,990,1014,1031,1048,,,,,,,,,,,,,,
428,875,932,960,989,1012,1029,1047,,,,,,,,,,,,,,
429,873,930,958,987,1010,1027,1045,,,,,,,,,,,,,,
430,871,928,956,985,1008,1025,1043,,,,,,,,,,,,,,
431,869,926,954,983,1007,1023,1041,,,,,,,,,,,,,,
432,867,924,952,981,1005,1022,1040,,,,,,,,,,,,,,
433,864,922,950,979,1003,1020,1038,,,,,,,,,,,,,,
434,862,920,949,977,1001,1018,1036,,,,,,,,,,,,,,
435,860,918,947,976,999,1016,1034,,,,,,,,,,,,,,
436,858,916,945,974,998,1014,1033,,,,,,,,,,,,,,
437,856,914,943,972,996,1013,1031,,,,,,,,,,,,,,
438,854,912,941,970,994,1011,1029,,,,,,,,,,,,,,
439,852,910,939,968,992,1009,1028,,,,,,,,,,,,,,
440,850,908,937,966,990,1007,1026,,,,,,,,,,,,,,
441,848,906,935,965,989,1006,1024,,,,,,,,,,,,,,
442,846,904,933,963,987,1004,1022,,,,,,,,,,,,,,
443,844,903,932,961,985,1002,1021,,,,,,,,,,,,,,
444,842,901,930,959,983,1001,1019,,,,,,,,,,,,,,
445,840,899,928,958,982,999,1017,,,,,,,,,,,,,,
446,838,897,926,956,980,997,1015,,,,,,,,,,,,,,
447,836,895,924,954,978,995,1014,,,,,,,,,,,,,,
448,833,893,922,952,976,994,1012,,,,,,,,,,,,,,
449,831,891,920,950,974,992,1010,,,,,,,,,,,,,,
450,829,889,918,949,973,990,1008,,,,,,,,,,,,,,
451,827,887,916,947,971,988,1007,,,,,,,,,,,,,,
452,825,885,914,945,969,987,1005,,,,,,,,,,,,,,
453,823,883,913,943,967,985,1003,,,,,,,,,,,,,,
454,821,881,911,941,965,983,1002,,,,,,,,,,,,,,
455,819,880,909,940,964,981,1000,,,,,,,,,,,,,,
456,817,878,907,938,962,980,998,,,,,,,,,,,,,,
457,815,876,905,936,960,978,996,,,,,,,,,,,,,,
458,813,874,903,934,958,976,995,,,,,,,,,,,,,,
459,811,872,901,933,957,974,993,,,,,,,,,,,,,,
460,808,870,899,931,955,973,991,,,,,,,,,,,,,,
461,806,868,897,929,953,971,989,,,,,,,,,,,,,,
462,804,866,896,927,951,969,988,,,,,,,,,,,,,,
463,802,864,894,925,949,968,986,,,,,,,,,,,,,,
464,800,862,892,924,948,966,984,,,,,,,,,,,,,,
465,798,860,890,922,946,964,982,,,,,,,,,,,,,,
466,796,858,888,920,944,962,981,,,,,,,,,,,,,,
467,794,856,886,918,942,961,979,,,,,,,,,,,,,,
468,792,855,884,916,941,959,978,,,,,,,,,,,,,,
469,790,853,883,915,939,957,976,,,,,,,,,,,,,,
470,788,851,881,913,937,956,974,,,,,,,,,,,,,,
471,786,849,879,911,935,954,973,,,,,,,,,,,,,,
472,784,847,877,909,934,952,971,,,,,,,,,,,,,,
473,782,845,875,908,932,950,969,,,,,,,,,,,,,,
474,780,843,873,906,930,949,968,,,,,,,,,,,,,,
475,778,841,872,904,928,947,966,,,,,,,,,,,,,,
476,776,839,870,902,927,945,965,,,,,,,,,,,,,,
477,774,837,868,900,925,944,963,,,,,,,,,,,,,,
478,772,835,866,899,923,942,961,,,,,,,,,,,,,,
479,770,833,864,897,921,940,960,,,,,,,,,,,,,,
480,768,832,863,895,920,939,958,,,,,,,,,,,,,,
481,766,830,861,893,918,937,956,,,,,,,,,,,,,,
482,764,828,859,891,916,935,955,,,,,,,,,,,,,,
483,762,826,857,890,914,933,953,,,,,,,,,,,,,,
484,760,824,855,888,913,932,952,,,,,,,,,,,,,,
485,758,822,853,886,911,930,950,,,,,,,,,,,,,,
486,756,820,852,884,909,928,948,,,,,,,,,,,,,,
487,754,818,850,883,908,927,947,,,,,,,,,,,,,,
488,752,816,848,881,906,925,945,,,,,,,,,,,,,,
489,750,814,846,879,904,923,943,,,,,,,,,,,,,,
490,748,812,844,877,902,922,942,,,,,,,,,,,,,,
491,746,810,843,875,901,920,940,,,,,,,,,,,,,,
492,744,808,841,874,899,918,939,,,,,,,,,,,,,,
493,742,807,839,872,897,916,937,,,,,,,,,,,,,,
494,740,805,837,870,895,915,935,,,,,,,,,,,,,,
495,738,803,835,868,894,913,934,,,,,,,,,,,,,,
496,736,801,834,866,892,911,932,,,,,,,,,,,,,,
497,734,799,832,865,890,910,930,,,,,,,,,,,,,,
498,732,797,830,865,889,908,929,,,,,,,,,,,,,,
499,730,795,828,864,887,906,927,,,,,,,,,,,,,,
500,728,793,826,863,885,905,926,,,,,,,,,,,,,,
501,726,791,825,862,884,903,924,,,,,,,,,,,,,,
502,724,790,823,861,882,901,922,,,,,,,,,,,,,,
503,722,788,821,860,880,900,921,,,,,,,,,,,,,,
504,720,786,819,859,879,898,919,,,,,,,,,,,,,,
505,718,784,818,858,877,897,917,,,,,,,,,,,,,,
506,716,782,816,857,875,895,916,,,,,,,,,,,,,,
507,714,780,814,856,874,893,914,,,,,,,,,,,,,,
508,712,778,812,855,872,892,913,,,,,,,,,,,,,,
509,710,777,810,854,870,890,911,,,,,,,,,,,,,,
510,708,775,809,853,868,888,909,,,,,,,,,,,,,,
511,706,773,807,852,867,887,908,,,,,,,,,,,,,,
512,704,771,805,851,865,885,906,,,,,,,,,,,,,,
513,702,769,803,850,863,884,904,,,,,,,,,,,,,,
514,700,767,801,850,862,882,903,,,,,,,,,,,,,,
515,698,765,800,849,860,880,901,,,,,,,,,,,,,,
516,696,764,798,848,858,879,900,,,,,,,,,,,,,,
517,694,762,796,847,857,877,898,,,,,,,,,,,,,,
518,692,760,794,846,855,875,896,,,,,,,,,,,,,,
519,690,758,793,845,853,874,895,,,,,,,,,,,,,,
520,688,756,791,844,852,872,893,,,,,,,,,,,,,,
521,686,754,789,843,850,871,891,,,,,,,,,,,,,,
522,684,752,787,842,848,869,890,,,,,,,,,,,,,,
523,682,750,785,841,847,867,888,,,,,,,,,,,,,,
524,680,749,784,840,845,866,887,,,,,,,,,,,,,,
525,678,747,782,839,843,864,885,,,,,,,,,,,,,,
526,676,745,780,838,842,862,883,,,,,,,,,,,,,,
527,674,743,778,836,840,861,882,,,,,,,,,,,,,,
528,672,741,776,833,838,859,880,,,,,,,,,,,,,,
529,670,739,775,831,837,858,879,,,,,,,,,,,,,,
530,668,738,773,828,835,856,877,,,,,,,,,,,,,,
531,666,736,771,826,834,855,876,,,,,,,,,,,,,,
532,664,734,769,824,832,853,874,,,,,,,,,,,,,,
533,662,732,768,821,830,852,873,,,,,,,,,,,,,,
534,660,730,766,819,829,850,871,,,,,,,,,,,,,,
535,659,728,764,816,827,849,870,,,,,,,,,,,,,,
536,657,727,762,814,826,847,868,,,,,,,,,,,,,,
537,655,725,761,811,824,845,867,,,,,,,,,,,,,,
538,653,723,759,809,822,844,865,,,,,,,,,,,,,,
539,651,721,757,806,821,842,864,,,,,,,,,,,,,,
540,649,719,755,804,819,841,862,,,,,,,,,,,,,,
541,647,718,754,801,818,839,861,,,,,,,,,,,,,,
542,645,716,752,799,816,838,859,,,,,,,,,,,,,,
543,643,714,750,796,814,836,858,,,,,,,,,,,,,,
544,641,712,748,794,813,835,856,,,,,,,,,,,,,,
545,639,710,747,791,811,833,855,,,,,,,,,,,,,,
546,637,708,745,789,810,832,853,,,,,,,,,,,,,,
547,635,707,743,786,808,830,852,,,,,,,,,,,,,,
548,633,705,741,784,806,828,850,,,,,,,,,,,,,,
549,631,703,740,781,805,827,849,,,,,,,,,,,,,,
550,629,701,738,779,803,825,847,,,,,,,,,,,,,,
551,627,699,736,776,802,824,846,,,,,,,,,,,,,,
552,625,698,734,774,800,822,844,,,,,,,,,,,,,,
553,624,696,732,771,798,821,843,,,,,,,,,,,,,,
554,622,694,731,769,797,819,841,,,,,,,,,,,,,,
555,620,692,729,766,795,818,840,,,,,,,,,,,,,,
556,618,690,727,764,794,816,838,,,,,,,,,,,,,,
557,616,689,726,762,792,815,837,,,,,,,,,,,,,,
558,614,687,724,761,791,813,835,,,,,,,,,,,,,,
559,612,685,722,759,789,812,834,,,,,,,,,,,,,,
560,610,683,720,758,787,810,833,,,,,,,,,,,,,,
561,608,682,719,756,786,809,831,,,,,,,,,,,,,,
562,606,680,717,754,784,807,830,,,,,,,,,,,,,,
563,605,678,715,753,783,806,828,,,,,,,,,,,,,,
564,603,677,714,751,781,804,827,,,,,,,,,,,,,,
565,601,675,712,750,780,803,825,,,,,,,,,,,,,,
566,599,673,710,748,778,801,824,,,,,,,,,,,,,,
567,597,671,709,746,777,800,822,,,,,,,,,,,,,,
568,595,670,707,745,775,798,821,,,,,,,,,,,,,,
569,593,668,705,743,774,797,819,,,,,,,,,,,,,,
570,592,666,704,742,772,795,818,,,,,,,,,,,,,,
571,590,664,702,740,770,794,816,,,,,,,,,,,,,,
572,588,663,700,738,769,792,815,,,,,,,,,,,,,,
573,586,661,699,737,767,791,814,,,,,,,,,,,,,,
574,584,659,697,735,766,789,812,,,,,,,,,,,,,,
575,582,657,695,734,764,788,811,,,,,,,,,,,,,,
576,580,656,694,732,763,786,809,,,,,,,,,,,,,,
577,578,654,692,730,761,785,808,,,,,,,,,,,,,,
578,577,652,690,729,760,783,806,,,,,,,,,,,,,,
579,575,650,689,727,758,782,805,,,,,,,,,,,,,,
580,573,649,687,726,757,780,803,,,,,,,,,,,,,,
581,571,647,685,724,755,779,802,,,,,,,,,,,,,,
582,569,645,684,722,753,777,800,,,,,,,,,,,,,,
583,567,644,682,721,752,776,799,,,,,,,,,,,,,,
584,565,642,680,719,750,774,797,,,,,,,,,,,,,,
585,564,640,678,718,749,773,796,,,,,,,,,,,,,,
586,562,638,677,716,747,771,794,,,,,,,,,,,,,,
587,560,637,675,715,746,770,793,,,,,,,,,,,,,,
588,558,635,674,713,744,768,792,,,,,,,,,,,,,,
589,556,633,672,712,743,767,790,,,,,,,,,,,,,,
590,554,632,671,710,742,766,789,,,,,,,,,,,,,,
591,552,630,669,709,740,764,788,,,,,,,,,,,,,,
592,551,628,668,707,739,763,787,,,,,,,,,,,,,,
593,549,627,666,706,737,762,785,,,,,,,,,,,,,,
594,547,625,664,704,736,760,784,,,,,,,,,,,,,,
595,545,623,663,703,734,759,783,,,,,,,,,,,,,,
596,543,622,661,701,733,757,781,,,,,,,,,,,,,,
597,541,620,660,700,732,756,780,,,,,,,,,,,,,,
598,540,619,658,698,730,755,779,,,,,,,,,,,,,,
599,538,617,657,697,729,753,777,,,,,,,,,,,,,,
600,536,615,655,695,727,752,776,,,,,,,,,,,,,,
601,534,614,654,694,726,750,775,,,,,,,,,,,,,,
602,532,612,652,692,725,749,774,,,,,,,,,,,,,,
603,530,610,651,691,723,748,772,,,,,,,,,,,,,,
604,528,609,649,689,722,746,771,,,,,,,,,,,,,,
605,527,607,647,688,720,745,770,,,,,,,,,,,,,,
606,525,605,646,686,719,744,768,,,,,,,,,,,,,,
607,523,604,644,685,717,742,767,,,,,,,,,,,,,,
608,521,602,643,683,716,741,766,,,,,,,,,,,,,,
609,519,600,641,682,715,739,764,,,,,,,,,,,,,,
610,517,599,640,680,713,738,763,,,,,,,,,,,,,,
611,516,597,638,679,712,737,762,,,,,,,,,,,,,,
612,514,595,637,677,710,735,760,,,,,,,,,,,,,,
613,512,594,635,676,709,734,759,,,,,,,,,,,,,,
614,510,592,634,674,708,732,758,,,,,,,,,,,,,,
615,508,590,632,673,706,731,757,,,,,,,,,,,,,,
616,506,589,630,671,705,730,755,,,,,,,,,,,,,,
617,505,587,629,670,703,728,754,,,,,,,,,,,,,,
618,503,586,627,668,702,727,753,,,,,,,,,,,,,,
619,501,584,626,667,701,726,751,,,,,,,,,,,,,,
620,499,582,624,666,699,724,750,,,,,,,,,,,,,,
621,498,581,623,664,698,723,749,,,,,,,,,,,,,,
622,496,579,621,663,697,722,748,,,,,,,,,,,,,,
623,494,577,620,661,695,721,746,,,,,,,,,,,,,,
624,492,576,618,660,694,719,745,,,,,,,,,,,,,,
625,491,574,617,658,693,718,744,,,,,,,,,,,,,,
626,489,573,615,657,691,717,743,,,,,,,,,,,,,,
627,487,571,613,656,690,716,741,,,,,,,,,,,,,,
628,485,569,612,654,688,714,740,,,,,,,,,,,,,,
629,484,568,610,653,687,713,739,,,,,,,,,,,,,,
630,482,566,609,651,686,712,738,,,,,,,,,,,,,,
631,480,564,607,650,684,710,736,,,,,,,,,,,,,,
632,478,563,606,649,683,709,735,,,,,,,,,,,,,,
633,476,561,604,647,682,708,734,,,,,,,,,,,,,,
634,475,560,603,646,680,707,733,,,,,,,,,,,,,,
635,473,558,601,644,679,705,731,,,,,,,,,,,,,,
636,471,556,600,643,678,704,730,,,,,,,,,,,,,,
637,469,555,598,641,676,703,729,,,,,,,,,,,,,,
638,468,553,596,640,675,701,728,,,,,,,,,,,,,,
639,466,551,595,639,674,700,726,,,,,,,,,,,,,,
640,464,550,593,637,672,699,725,,,,,,,,,,,,,,
641,462,548,592,636,671,698,724,,,,,,,,,,,,,,
642,461,547,590,634,669,696,723,,,,,,,,,,,,,,
643,459,545,589,633,668,695,721,,,,,,,,,,,,,,
644,457,543,587,632,667,694,720,,,,,,,,,,,,,,
645,455,542,586,630,665,692,719,,,,,,,,,,,,,,
646,454,540,584,629,664,691,718,,,,,,,,,,,,,,
647,452,539,583,627,663,690,716,,,,,,,,,,,,,,
648,450,537,581,626,662,689,715,,,,,,,,,,,,,,
649,448,536,580,625,660,688,714,,,,,,,,,,,,,,
650,447,534,578,623,659,686,713,,,,,,,,,,,,,,
651,445,533,577,622,658,685,712,,,,,,,,,,,,,,
652,443,531,576,621,657,684,711,,,,,,,,,,,,,,
653,442,530,574,619,655,683,710,,,,,,,,,,,,,,
654,440,528,573,618,654,682,709,,,,,,,,,,,,,,
655,438,527,572,617,653,680,708,,,,,,,,,,,,,,
656,437,525,570,615,652,679,706,,,,,,,,,,,,,,
657,435,524,569,614,651,678,705,,,,,,,,,,,,,,
658,433,522,567,613,649,677,704,,,,,,,,,,,,,,
659,431,521,566,611,648,676,703,,,,,,,,,,,,,,
660,430,520,565,610,647,674,702,,,,,,,,,,,,,,
661,428,518,563,609,646,673,701,,,,,,,,,,,,,,
662,426,517,562,607,644,672,700,,,,,,,,,,,,,,
663,425,515,560,606,643,671,699,,,,,,,,,,,,,,
664,423,514,559,605,642,670,697,,,,,,,,,,,,,,
665,421,512,558,603,641,668,696,,,,,,,,,,,,,,
666,420,511,556,602,640,667,695,,,,,,,,,,,,,,
667,418,509,555,601,638,666,694,,,,,,,,,,,,,,
668,416,508,554,599,637,665,693,,,,,,,,,,,,,,
669,414,506,552,598,636,664,692,,,,,,,,,,,,,,
670,413,505,551,597,635,662,691,,,,,,,,,,,,,,
671,411,503,549,595,633,661,690,,,,,,,,,,,,,,
672,409,502,548,594,632,660,688,,,,,,,,,,,,,,
673,408,500,547,593,631,659,687,,,,,,,,,,,,,,
674,406,499,545,591,630,658,686,,,,,,,,,,,,,,
675,404,498,544,590,629,656,685,,,,,,,,,,,,,,
676,402,496,542,589,627,655,684,,,,,,,,,,,,,,
677,401,495,541,588,626,654,683,,,,,,,,,,,,,,
678,399,493,540,586,625,653,682,,,,,,,,,,,,,,
679,398,492,539,585,624,652,681,,,,,,,,,,,,,,
680,396,490,537,584,623,651,680,,,,,,,,,,,,,,
681,395,489,536,583,622,650,679,,,,,,,,,,,,,,
682,393,488,535,582,620,649,678,,,,,,,,,,,,,,
683,392,486,533,581,619,648,677,,,,,,,,,,,,,,
684,390,485,532,579,618,647,676,,,,,,,,,,,,,,
685,389,484,531,578,617,646,675,,,,,,,,,,,,,,
686,387,482,530,577,616,645,674,,,,,,,,,,,,,,
687,385,481,528,576,615,643,673,,,,,,,,,,,,,,
688,384,479,527,575,614,642,672,,,,,,,,,,,,,,
689,382,478,526,574,613,641,671,,,,,,,,,,,,,,
690,381,477,524,572,612,640,670,,,,,,,,,,,,,,
691,379,475,523,571,610,639,669,,,,,,,,,,,,,,
692,378,474,522,570,609,638,668,,,,,,,,,,,,,,
693,376,472,521,569,608,637,667,,,,,,,,,,,,,,
694,375,471,519,568,607,636,666,,,,,,,,,,,,,,
695,373,470,518,566,606,635,665,,,,,,,,,,,,,,
696,372,468,517,565,605,634,664,,,,,,,,,,,,,,
697,370,467,516,564,604,633,663,,,,,,,,,,,,,,
698,368,466,514,563,603,632,662,,,,,,,,,,,,,,
699,367,464,513,562,601,631,661,,,,,,,,,,,,,,
700,365,463,512,561,600,630,660,,,,,,,,,,,,,,
701,364,461,510,559,599,629,659,,,,,,,,,,,,,,
702,362,460,509,558,598,628,658,,,,,,,,,,,,,,
703,361,459,508,557,597,626,657,,,,,,,,,,,,,,
704,359,457,507,556,596,625,656,,,,,,,,,,,,,,
705,358,456,505,555,595,624,655,,,,,,,,,,,,,,
706,356,454,504,554,594,623,654,,,,,,,,,,,,,,
707,355,453,503,553,593,622,653,,,,,,,,,,,,,,
708,353,452,502,551,592,621,652,,,,,,,,,,,,,,
709,352,451,500,550,591,620,651,,,,,,,,,,,,,,
710,350,449,499,549,590,620,650,,,,,,,,,,,,,,
711,349,448,498,548,589,619,649,,,,,,,,,,,,,,
712,347,447,497,547,588,618,648,,,,,,,,,,,,,,
713,346,446,496,546,587,617,648,,,,,,,,,,,,,,
714,344,444,495,545,586,616,647,,,,,,,,,,,,,,
715,343,443,493,544,585,615,646,,,,,,,,,,,,,,
716,341,442,492,543,584,614,645,,,,,,,,,,,,,,
717,340,441,491,542,583,613,644,,,,,,,,,,,,,,
718,338,439,490,541,582,612,643,,,,,,,,,,,,,,
719,337,438,489,540,581,611,642,,,,,,,,,,,,,,
720,336,437,488,539,580,611,642,,,,,,,,,,,,,,
721,334,436,486,538,579,610,641,,,,,,,,,,,,,,
722,333,434,485,537,578,609,640,,,,,,,,,,,,,,
723,331,433,484,536,577,608,639,,,,,,,,,,,,,,
724,330,432,483,534,576,607,638,,,,,,,,,,,,,,
725,328,431,482,533,575,606,637,,,,,,,,,,,,,,
726,327,429,480,532,574,605,636,,,,,,,,,,,,,,
727,325,428,479,531,573,604,636,,,,,,,,,,,,,,
728,324,427,478,530,572,603,635,,,,,,,,,,,,,,
729,322,426,477,529,571,602,634,,,,,,,,,,,,,,
730,321,424,476,528,570,602,633,,,,,,,,,,,,,,
731,319,423,475,527,569,601,632,,,,,,,,,,,,,,
732,318,422,473,526,568,600,631,,,,,,,,,,,,,,
733,316,420,472,525,567,599,630,,,,,,,,,,,,,,
734,315,419,471,524,566,598,630,,,,,,,,,,,,,,
735,314,418,470,523,565,597,629,,,,,,,,,,,,,,
736,312,417,469,522,564,596,628,,,,,,,,,,,,,,
737,311,416,468,521,563,595,627,,,,,,,,,,,,,,
738,309,415,467,520,562,595,627,,,,,,,,,,,,,,
739,308,413,466,519,562,594,626,,,,,,,,,,,,,,
740,307,412,465,518,561,593,625,,,,,,,,,,,,,,
741,305,411,464,517,560,592,625,,,,,,,,,,,,,,
742,304,410,463,516,559,592,624,,,,,,,,,,,,,,
743,302,409,462,515,558,591,623,,,,,,,,,,,,,,
744,301,408,461,514,557,590,622,,,,,,,,,,,,,,
745,300,407,460,513,557,590,622,,,,,,,,,,,,,,
746,298,405,459,513,556,589,621,,,,,,,,,,,,,,
747,297,404,458,512,555,588,620,,,,,,,,,,,,,,
748,296,403,457,511,554,587,620,,,,,,,,,,,,,,
749,294,402,456,510,553,587,619,,,,,,,,,,,,,,
750,293,401,455,509,552,586,618,,,,,,,,,,,,,,
751,292,400,454,508,552,585,618,,,,,,,,,,,,,,
752,290,398,453,507,551,584,617,,,,,,,,,,,,,,
753,289,397,452,506,550,584,616,,,,,,,,,,,,,,
754,288,396,451,505,549,583,615,,,,,,,,,,,,,,
755,286,395,449,504,548,582,615,,,,,,,,,,,,,,
756,285,394,448,504,548,582,614,,,,,,,,,,,,,,
757,283,393,447,503,547,581,613,,,,,,,,,,,,,,
758,282,392,446,502,546,580,613,,,,,,,,,,,,,,
759,281,390,445,501,545,579,612,,,,,,,,,,,,,,
760,279,389,444,500,544,579,611,,,,,,,,,,,,,,
761,278,388,443,499,543,578,611,,,,,,,,,,,,,,
762,277,387,442,498,543,577,610,,,,,,,,,,,,,,
763,275,386,441,497,542,577,609,,,,,,,,,,,,,,
764,274,385,440,496,541,576,609,,,,,,,,,,,,,,
765,273,384,439,495,540,575,608,,,,,,,,,,,,,,
766,271,382,438,494,539,574,607,,,,,,,,,,,,,,
767,270,381,438,494,539,574,607,,,,,,,,,,,,,,
768,269,380,437,493,538,573,606,,,,,,,,,,,,,,
769,268,379,436,492,537,573,606,,,,,,,,,,,,,,
770,266,378,435,491,537,572,605,,,,,,,,,,,,,,
771,265,377,434,491,536,571,605,,,,,,,,,,,,,,
772,264,376,433,490,535,571,604,,,,,,,,,,,,,,
773,263,376,432,489,535,570,604,,,,,,,,,,,,,,
774,262,375,431,488,534,569,603,,,,,,,,,,,,,,
775,260,374,430,488,533,569,603,,,,,,,,,,,,,,
776,259,373,430,487,533,568,602,,,,,,,,,,,,,,
777,258,372,429,486,532,568,602,,,,,,,,,,,,,,
778,257,371,428,485,532,567,601,,,,,,,,,,,,,,
779,256,370,427,485,531,566,601,,,,,,,,,,,,,,
780,254,369,426,484,530,566,600,,,,,,,,,,,,,,
781,253,368,425,483,530,565,600,,,,,,,,,,,,,,
782,252,367,424,482,529,565,599,,,,,,,,,,,,,,
783,251,366,423,482,528,564,599,,,,,,,,,,,,,,
784,250,365,423,481,528,563,598,,,,,,,,,,,,,,
785,248,364,422,480,527,563,598,,,,,,,,,,,,,,
786,247,363,421,480,526,562,597,,,,,,,,,,,,,,
787,246,362,420,479,526,561,597,,,,,,,,,,,,,,
788,245,361,419,478,525,561,596,,,,,,,,,,,,,,
789,244,360,418,477,524,560,596,,,,,,,,,,,,,,
790,242,359,417,477,524,560,595,,,,,,,,,,,,,,
791,241,358,416,476,523,559,595,,,,,,,,,,,,,,
792,240,357,416,475,523,558,594,,,,,,,,,,,,,,
793,239,356,415,474,522,558,594,,,,,,,,,,,,,,
794,238,355,414,474,521,557,593,,,,,,,,,,,,,,
795,236,354,413,473,521,557,593,,,,,,,,,,,,,,
796,235,353,412,472,520,556,592,,,,,,,,,,,,,,
797,234,352,411,471,520,556,592,,,,,,,,,,,,,,
798,233,351,411,471,519,555,591,,,,,,,,,,,,,,
799,232,350,410,470,519,555,591,,,,,,,,,,,,,,
800,231,350,409,470,518,554,591,,,,,,,,,,,,,,
801,230,349,409,469,518,554,590,,,,,,,,,,,,,,
802,229,348,408,469,517,554,590,,,,,,,,,,,,,,
803,228,347,407,468,517,553,590,,,,,,,,,,,,,,
804,227,346,407,468,516,553,589,,,,,,,,,,,,,,
805,226,346,406,467,516,553,589,,,,,,,,,,,,,,
806,225,345,405,466,515,552,589,,,,,,,,,,,,,,
807,223,344,405,466,515,552,588,,,,,,,,,,,,,,
808,222,343,404,465,514,551,588,,,,,,,,,,,,,,
809,221,342,403,465,514,551,588,,,,,,,,,,,,,,
810,220,342,403,464,513,551,587,,,,,,,,,,,,,,
811,219,341,402,464,513,550,587,,,,,,,,,,,,,,
812,218,340,401,463,512,550,586,,,,,,,,,,,,,,
813,217,339,401,462,512,550,586,,,,,,,,,,,,,,
814,216,338,400,462,511,549,586,,,,,,,,,,,,,,
815,215,338,399,461,511,549,585,,,,,,,,,,,,,,
816,214,337,399,461,510,548,585,,,,,,,,,,,,,,
817,213,336,398,460,510,548,585,,,,,,,,,,,,,,
818,212,335,397,460,509,548,584,,,,,,,,,,,,,,
819,211,334,397,459,509,547,584,,,,,,,,,,,,,,
820,210,334,396,459,508,547,584,,,,,,,,,,,,,,
821,209,333,395,458,508,547,583,,,,,,,,,,,,,,
822,208,332,395,457,508,546,583,,,,,,,,,,,,,,
823,206,331,394,457,507,546,583,,,,,,,,,,,,,,
824,205,330,393,456,507,545,582,,,,,,,,,,,,,,
825,204,330,393,456,506,545,582,,,,,,,,,,,,,,
826,203,329,392,455,506,545,582,,,,,,,,,,,,,,
827,202,328,391,455,505,545,582,,,,,,,,,,,,,,
828,201,328,391,454,505,544,581,,,,,,,,,,,,,,
829,201,327,390,453,505,544,581,,,,,,,,,,,,,,
830,200,326,390,453,505,544,581,,,,,,,,,,,,,,
831,199,326,389,452,504,544,581,,,,,,,,,,,,,,
832,198,325,389,451,504,544,581,,,,,,,,,,,,,,
833,197,324,388,451,504,543,581,,,,,,,,,,,,,,
834,196,324,388,450,503,543,581,,,,,,,,,,,,,,
835,195,323,387,449,503,543,581,,,,,,,,,,,,,,
836,194,323,387,449,503,543,581,,,,,,,,,,,,,,
837,194,322,386,448,503,542,581,,,,,,,,,,,,,,
838,193,321,386,448,502,542,581,,,,,,,,,,,,,,
839,192,321,385,447,502,542,581,,,,,,,,,,,,,,
840,191,320,385,446,502,542,580,,,,,,,,,,,,,,
841,190,320,384,446,502,542,580,,,,,,,,,,,,,,
842,189,319,384,445,501,541,580,,,,,,,,,,,,,,
843,188,318,383,444,501,541,580,,,,,,,,,,,,,,
844,187,318,383,444,501,541,580,,,,,,,,,,,,,,
845,186,317,382,443,501,541,580,,,,,,,,,,,,,,
846,186,316,382,442,500,540,580,,,,,,,,,,,,,,
847,185,316,381,442,500,540,580,,,,,,,,,,,,,,
848,184,315,381,441,500,540,580,,,,,,,,,,,,,,
849,183,315,380,440,500,540,580,,,,,,,,,,,,,,
850,182,314,380,440,499,540,580,,,,,,,,,,,,,,
851,181,313,379,439,499,539,580,,,,,,,,,,,,,,
852,180,313,379,439,499,539,580,,,,,,,,,,,,,,
853,179,312,378,438,498,539,579,,,,,,,,,,,,,,
854,179,312,378,437,498,539,579,,,,,,,,,,,,,,
855,178,311,377,437,498,539,579,,,,,,,,,,,,,,
856,177,310,377,436,498,538,579,,,,,,,,,,,,,,
857,176,310,377,436,498,538,579,,,,,,,,,,,,,,
858,175,310,376,436,498,539,579,,,,,,,,,,,,,,
859,175,309,376,436,498,539,580,,,,,,,,,,,,,,
860,174,309,376,437,498,539,580,,,,,,,,,,,,,,
861,173,308,376,437,498,539,580,,,,,,,,,,,,,,
862,173,308,375,437,498,539,580,,,,,,,,,,,,,,
863,172,308,375,437,498,539,580,,,,,,,,,,,,,,
864,171,307,375,437,498,539,580,,,,,,,,,,,,,,
865,171,307,375,437,498,539,580,,,,,,,,,,,,,,
866,170,306,374,437,498,539,580,,,,,,,,,,,,,,
867,169,306,374,437,498,539,580,,,,,,,,,,,,,,
868,169,306,374,438,498,539,580,,,,,,,,,,,,,,
869,168,305,374,438,498,539,581,,,,,,,,,,,,,,
870,168,305,373,438,498,539,581,,,,,,,,,,,,,,
871,167,304,373,438,498,539,581,,,,,,,,,,,,,,
872,166,304,373,438,498,539,581,,,,,,,,,,,,,,
873,166,304,373,438,498,539,581,,,,,,,,,,,,,,
874,165,303,372,438,498,539,581,,,,,,,,,,,,,,
875,164,303,372,439,498,539,581,,,,,,,,,,,,,,
876,164,302,372,439,498,540,581,,,,,,,,,,,,,,
877,163,302,372,439,498,540,581,,,,,,,,,,,,,,
878,162,302,372,439,498,540,581,,,,,,,,,,,,,,
879,162,301,371,439,498,540,582,,,,,,,,,,,,,,
880,161,301,371,439,498,540,582,,,,,,,,,,,,,,
881,160,300,371,439,498,540,582,,,,,,,,,,,,,,
882,160,300,371,440,498,540,582,,,,,,,,,,,,,,
883,159,300,370,440,498,540,582,,,,,,,,,,,,,,
884,158,299,370,440,498,540,582,,,,,,,,,,,,,,
885,158,299,370,440,498,540,582,,,,,,,,,,,,,,
886,157,298,370,440,498,540,582,,,,,,,,,,,,,,
887,156,298,370,440,499,540,583,,,,,,,,,,,,,,
888,156,298,369,440,499,541,583,,,,,,,,,,,,,,
889,155,298,369,440,499,541,584,,,,,,,,,,,,,,
890,155,298,369,440,499,541,584,,,,,,,,,,,,,,
891,154,298,369,441,499,541,584,,,,,,,,,,,,,,
892,154,297,369,441,499,542,585,,,,,,,,,,,,,,
893,153,297,369,441,500,542,585,,,,,,,,,,,,,,
894,153,297,369,441,500,542,586,,,,,,,,,,,,,,
895,152,297,369,441,500,543,586,,,,,,,,,,,,,,
896,152,297,369,441,500,543,586,,,,,,,,,,,,,,
897,152,297,369,441,500,543,587,,,,,,,,,,,,,,
898,151,296,369,441,500,543,587,,,,,,,,,,,,,,
899,151,296,369,442,500,544,588,,,,,,,,,,,,,,
900,150,296,368,442,501,544,588,,,,,,,,,,,,,,
901,150,296,368,442,501,544,588,,,,,,,,,,,,,,
902,149,296,368,442,501,544,589,,,,,,,,,,,,,,
903,149,296,368,442,501,545,589,,,,,,,,,,,,,,
904,148,296,368,442,501,545,590,,,,,,,,,,,,,,
905,148,295,368,442,501,545,590,,,,,,,,,,,,,,
906,147,295,368,442,502,546,590,,,,,,,,,,,,,,
907,147,295,368,443,502,546,591,,,,,,,,,,,,,,
908,147,295,368,443,502,547,592,,,,,,,,,,,,,,
909,146,295,368,443,503,547,592,,,,,,,,,,,,,,
910,146,295,369,443,503,548,593,,,,,,,,,,,,,,
911,145,295,369,444,504,548,593,,,,,,,,,,,,,,
912,145,295,369,444,504,549,594,,,,,,,,,,,,,,
913,145,295,369,444,504,549,594,,,,,,,,,,,,,,
914,144,295,369,445,505,550,595,,,,,,,,,,,,,,
915,144,295,369,445,505,550,596,,,,,,,,,,,,,,
916,144,295,369,445,506,551,596,,,,,,,,,,,,,,
917,143,295,369,445,506,551,597,,,,,,,,,,,,,,
918,143,295,370,446,506,552,597,,,,,,,,,,,,,,
919,143,295,370,446,507,552,598,,,,,,,,,,,,,,
920,142,295,370,446,507,553,599,,,,,,,,,,,,,,
921,142,295,370,446,508,553,599,,,,,,,,,,,,,,
922,142,295,370,447,508,554,600,,,,,,,,,,,,,,
923,141,295,370,447,508,554,600,,,,,,,,,,,,,,
924,141,295,370,447,509,555,601,,,,,,,,,,,,,,
925,141,295,371,447,509,555,601,,,,,,,,,,,,,,
926,140,295,371,448,510,556,602,,,,,,,,,,,,,,
927,140,295,371,448,510,556,603,,,,,,,,,,,,,,
928,140,295,371,448,510,557,603,,,,,,,,,,,,,,
929,139,295,371,448,511,557,604,,,,,,,,,,,,,,
930,139,295,371,449,511,558,604,,,,,,,,,,,,,,
931,139,295,371,449,512,558,605,,,,,,,,,,,,,,
932,138,295,372,449,512,559,606,,,,,,,,,,,,,,
933,138,295,372,450,512,559,606,,,,,,,,,,,,,,
934,138,295,372,450,513,560,607,,,,,,,,,,,,,,
935,137,295,372,450,513,560,607,,,,,,,,,,,,,,
936,138,294,372,450,514,561,608,,,,,,,,,,,,,,
937,138,295,372,451,514,562,609,,,,,,,,,,,,,,
938,138,295,373,452,515,562,610,,,,,,,,,,,,,,
939,138,295,373,452,516,563,611,,,,,,,,,,,,,,
940,138,295,374,453,517,564,612,,,,,,,,,,,,,,
941,138,296,374,453,517,565,613,,,,,,,,,,,,,,
942,138,296,375,454,518,565,613,,,,,,,,,,,,,,
943,138,296,375,455,519,566,614,,,,,,,,,,,,,,
944,138,297,376,455,520,567,615,,,,,,,,,,,,,,
945,138,297,376,456,520,568,616,,,,,,,,,,,,,,
946,138,297,377,457,521,569,617,,,,,,,,,,,,,,
947,138,297,377,457,522,569,618,,,,,,,,,,,,,,
948,138,298,377,458,523,570,619,,,,,,,,,,,,,,
949,138,298,378,458,523,571,620,,,,,,,,,,,,,,
950,138,298,378,459,524,572,621,,,,,,,,,,,,,,
951,138,298,379,460,525,572,622,,,,,,,,,,,,,,
952,138,299,379,460,526,573,622,,,,,,,,,,,,,,
953,137,299,380,461,526,574,623,,,,,,,,,,,,,,
954,137,299,380,461,527,575,624,,,,,,,,,,,,,,
955,137,299,381,462,528,576,625,,,,,,,,,,,,,,
956,137,300,381,463,528,576,626,,,,,,,,,,,,,,
957,137,300,382,463,529,577,627,,,,,,,,,,,,,,
958,137,300,382,464,530,578,628,,,,,,,,,,,,,,
959,137,300,382,465,531,579,629,,,,,,,,,,,,,,
960,137,301,383,465,531,579,630,,,,,,,,,,,,,,
961,137,301,383,466,532,580,631,,,,,,,,,,,,,,
962,137,301,384,466,533,581,632,,,,,,,,,,,,,,
963,137,302,384,467,534,582,632,,,,,,,,,,,,,,
964,137,302,385,468,534,583,633,,,,,,,,,,,,,,
965,137,302,385,468,535,583,634,,,,,,,,,,,,,,
966,137,302,386,469,536,584,635,,,,,,,,,,,,,,
967,137,303,386,470,537,585,636,,,,,,,,,,,,,,
968,137,303,387,470,538,586,637,,,,,,,,,,,,,,
969,137,304,388,471,539,587,639,,,,,,,,,,,,,,
970,137,304,388,472,540,588,640,,,,,,,,,,,,,,
971,138,305,389,473,541,590,641,,,,,,,,,,,,,,
972,138,306,390,474,542,591,642,,,,,,,,,,,,,,
973,138,306,391,474,542,592,643,,,,,,,,,,,,,,
974,138,307,391,475,543,593,644,,,,,,,,,,,,,,
975,138,307,392,476,544,594,645,,,,,,,,,,,,,,
976,138,308,393,477,545,595,646,,,,,,,,,,,,,,
977,139,308,394,478,546,596,648,,,,,,,,,,,,,,
978,139,309,394,478,547,597,649,,,,,,,,,,,,,,
979,139,309,395,479,548,599,650,,,,,,,,,,,,,,
980,139,310,396,480,549,600,651,,,,,,,,,,,,,,
981,139,310,396,481,550,601,652,,,,,,,,,,,,,,
982,139,311,397,482,551,602,653,,,,,,,,,,,,,,
983,140,311,398,482,552,603,654,,,,,,,,,,,,,,
984,140,312,399,483,553,604,655,,,,,,,,,,,,,,
985,140,312,399,484,553,605,656,,,,,,,,,,,,,,
986,140,313,400,485,554,606,658,,,,,,,,,,,,,,
987,140,314,401,486,556,608,659,,,,,,,,,,,,,,
988,141,314,402,487,557,609,660,,,,,,,,,,,,,,
989,141,315,403,488,558,610,662,,,,,,,,,,,,,,
990,142,316,404,489,559,611,663,,,,,,,,,,,,,,
991,142,317,404,490,560,613,664,,,,,,,,,,,,,,
992,142,317,405,491,562,614,666,,,,,,,,,,,,,,
993,143,318,406,492,563,615,667,,,,,,,,,,,,,,
994,143,319,407,493,564,616,668,,,,,,,,,,,,,,
995,144,320,408,495,565,618,670,,,,,,,,,,,,,,
996,144,320,409,496,566,619,671,,,,,,,,,,,,,,
997,144,321,410,497,568,620,673,,,,,,,,,,,,,,
998,145,322,411,498,569,621,674,,,,,,,,,,,,,,
999,145,323,411,499,570,623,675,,,,,,,,,,,,,,
1000,146,323,412,500,571,624,677,,,,,,,,,,,,,,
1001,146,324,413,501,572,625,678,,,,,,,,,,,,,,
1002,146,325,414,502,574,626,679,,,,,,,,,,,,,,
1003,147,326,415,503,575,627,681,,,,,,,,,,,,,,
1004,147,326,416,504,576,629,682,,,,,,,,,,,,,,
1005,148,327,417,505,577,630,683,,,,,,,,,,,,,,
1006,148,328,418,506,578,631,685,,,,,,,,,,,,,,
1007,149,329,419,508,580,633,686,,,,,,,,,,,,,,
1008,149,330,420,509,581,634,688,,,,,,,,,,,,,,
1009,150,331,421,510,583,636,690,,,,,,,,,,,,,,
1010,151,332,422,512,584,638,692,,,,,,,,,,,,,,
1011,151,333,423,513,586,639,693,,,,,,,,,,,,,,
1012,152,334,424,514,587,641,695,,,,,,,,,,,,,,
1013,153,335,426,516,589,642,697,,,,,,,,,,,,,,
1014,154,336,427,517,590,644,698,,,,,,,,,,,,,,
1015,154,337,428,518,592,646,700,,,,,,,,,,,,,,
1016,155,338,429,520,593,647,702,,,,,,,,,,,,,,
1017,156,339,430,521,595,649,703,,,,,,,,,,,,,,
1018,156,340,431,522,596,650,705,,,,,,,,,,,,,,
1019,157,341,432,524,598,652,707,,,,,,,,,,,,,,
1020,158,342,434,525,599,654,708,,,,,,,,,,,,,,
1021,158,343,435,526,601,655,710,,,,,,,,,,,,,,
1022,159,344,436,528,602,657,712,,,,,,,,,,,,,,
1023,160,345,437,529,604,658,713,,,,,,,,,,,,,,
1024,161,346,438,530,605,660,715,,,,,,,,,,,,,,
1025,161,347,439,532,607,662,717,,,,,,,,,,,,,,
1026,162,348,440,533,608,663,718,,,,,,,,,,,,,,
1027,163,349,442,534,610,665,720,,,,,,,,,,,,,,
1028,163,350,443,536,611,666,722,,,,,,,,,,,,,,
1029,164,351,444,537,613,668,723,,,,,,,,,,,,,,
1030,165,352,445,538,614,670,725,,,,,,,,,,,,,,
1031,165,353,446,540,616,671,727,,,,,,,,,,,,,,
1032,166,354,447,541,617,673,728,,,,,,,,,,,,,,
1033,167,355,448,542,619,674,730,,,,,,,,,,,,,,
1034,167,356,450,544,620,676,732,,,,,,,,,,,,,,
1035,168,357,451,545,622,678,734,,,,,,,,,,,,,,
1036,169,358,452,546,623,679,735,,,,,,,,,,,,,,
1037,170,359,454,548,625,681,737,,,,,,,,,,,,,,
1038,171,360,455,550,627,683,739,,,,,,,,,,,,,,
1039,172,362,457,552,629,685,741,,,,,,,,,,,,,,
1040,173,363,458,553,630,687,744,,,,,,,,,,,,,,
1041,174,365,460,555,632,689,746,,,,,,,,,,,,,,
1042,175,366,461,557,634,691,748,,,,,,,,,,,,,,
1043,176,367,463,559,636,693,750,,,,,,,,,,,,,,
1044,177,369,464,560,638,695,752,,,,,,,,,,,,,,
1045,178,370,466,562,640,697,754,,,,,,,,,,,,,,
1046,179,371,467,564,641,699,756,,,,,,,,,,,,,,
1047,180,373,469,565,643,701,758,,,,,,,,,,,,,,
1048,181,374,471,567,645,703,760,,,,,,,,,,,,,,
1049,182,376,472,569,647,705,762,,,,,,,,,,,,,,
1050,183,377,474,571,649,707,764,,,,,,,,,,,,,,
1051,184,378,475,572,650,709,766,,,,,,,,,,,,,,
1052,185,380,477,574,652,711,768,,,,,,,,,,,,,,
1053,186,381,478,576,654,713,771,,,,,,,,,,,,,,
1054,187,383,480,578,656,715,773,,,,,,,,,,,,,,
1055,188,384,481,579,658,717,775,,,,,,,,,,,,,,
1056,189,385,483,581,660,719,777,,,,,,,,,,,,,,
1057,190,387,484,583,661,721,779,,,,,,,,,,,,,,
1058,191,388,486,585,663,723,781,,,,,,,,,,,,,,
1059,192,389,488,586,665,725,783,,,,,,,,,,,,,,
1060,193,391,489,588,667,727,785,,,,,,,,,,,,,,
1061,194,392,491,590,669,729,787,,,,,,,,,,,,,,
1062,195,394,492,592,670,731,789,,,,,,,,,,,,,,
1063,196,395,494,593,672,733,791,,,,,,,,,,,,,,
1064,197,396,495,595,674,735,793,,,,,,,,,,,,,,
1065,198,398,497,597,676,737,796,,,,,,,,,,,,,,
1066,199,399,498,598,678,738,798,,,,,,,,,,,,,,
1067,201,401,500,601,680,741,800,,,,,,,,,,,,,,
1068,202,403,502,603,682,743,803,,,,,,,,,,,,,,
1069,203,404,504,605,684,745,805,,,,,,,,,,,,,,
1070,205,406,506,607,687,748,808,,,,,,,,,,,,,,
1071,206,408,508,609,689,750,810,,,,,,,,,,,,,,
1072,208,410,510,611,691,752,812,,,,,,,,,,,,,,
1073,209,411,512,613,693,755,815,,,,,,,,,,,,,,
1074,210,413,514,615,696,757,817,,,,,,,,,,,,,,
1075,212,415,516,617,698,759,820,,,,,,,,,,,,,,
1076,213,417,518,619,700,762,822,,,,,,,,,,,,,,
1077,214,418,520,622,703,764,825,,,,,,,,,,,,,,
1078,216,420,522,624,705,766,827,,,,,,,,,,,,,,
1079,217,422,524,626,707,769,830,,,,,,,,,,,,,,
1080,219,424,526,628,709,771,832,,,,,,,,,,,,,,
1081,220,425,528,630,712,773,835,,,,,,,,,,,,,,
1082,221,427,530,632,714,776,837,,,,,,,,,,,,,,
1083,223,429,531,634,716,778,840,,,,,,,,,,,,,,
1084,224,430,533,636,718,780,842,,,,,,,,,,,,,,
1085,225,432,535,638,721,782,845,,,,,,,,,,,,,,
1086,227,434,537,640,723,785,847,,,,,,,,,,,,,,
1087,228,436,539,643,725,787,850,,,,,,,,,,,,,,
1088,230,437,541,645,727,789,852,,,,,,,,,,,,,,
1089,231,439,543,647,730,792,855,,,,,,,,,,,,,,
1090,232,441,545,649,732,794,857,,,,,,,,,,,,,,
1091,234,443,547,651,734,796,860,,,,,,,,,,,,,,
1092,235,444,549,653,736,799,862,,,,,,,,,,,,,,
1093,237,446,551,655,739,801,865,,,,,,,,,,,,,,
1094,238,448,553,657,741,803,867,,,,,,,,,,,,,,
1095,239,450,555,659,743,806,870,,,,,,,,,,,,,,
1096,241,451,557,662,746,808,872,,,,,,,,,,,,,,
1097,243,453,559,664,748,811,875,,,,,,,,,,,,,,
1098,244,456,561,667,751,814,878,,,,,,,,,,,,,,
1099,246,458,564,669,754,817,881,,,,,,,,,,,,,,
1100,248,460,566,672,756,819,884,,,,,,,,,,,,,,
1101,250,462,569,674,759,822,886,,,,,,,,,,,,,,
1102,252,464,571,677,762,825,889,,,,,,,,,,,,,,
1103,253,466,573,679,764,828,892,,,,,,,,,,,,,,
1104,255,468,576,682,767,831,895,,,,,,,,,,,,,,
1105,257,471,578,684,770,834,898,,,,,,,,,,,,,,
1106,259,473,580,687,773,837,901,,,,,,,,,,,,,,
1107,260,475,583,689,775,839,904,,,,,,,,,,,,,,
1108,262,477,585,692,778,842,907,,,,,,,,,,,,,,
1109,264,479,587,695,781,845,909,,,,,,,,,,,,,,
1110,266,481,590,697,783,848,912,,,,,,,,,,,,,,
1111,268,484,592,700,786,851,915,,,,,,,,,,,,,,
1112,269,486,594,702,789,854,918,,,,,,,,,,,,,,
1113,271,488,597,705,791,857,921,,,,,,,,,,,,,,
1114,273,490,599,707,794,859,924,,,,,,,,,,,,,,
1115,275,492,601,710,797,862,927,,,,,,,,,,,,,,
1116,276,494,604,712,800,865,930,,,,,,,,,,,,,,
1117,278,497,606,715,802,868,932,,,,,,,,,,,,,,
1118,280,499,608,717,805,871,935,,,,,,,,,,,,,,
1119,282,501,611,720,808,874,938,,,,,,,,,,,,,,
1120,284,503,613,722,810,877,941,,,,,,,,,,,,,,
1121,285,505,615,725,813,879,944,,,,,,,,,,,,,,
1122,287,507,618,728,816,882,947,,,,,,,,,,,,,,
1123,289,510,620,730,818,885,950,,,,,,,,,,,,,,
1124,291,512,622,733,821,888,953,,,,,,,,,,,,,,
1125,293,514,625,735,824,891,956,,,,,,,,,,,,,,
1126,294,516,627,738,826,894,958,,,,,,,,,,,,,,
1127,297,519,630,741,830,897,962,,,,,,,,,,,,,,
1128,299,521,633,744,833,900,965,,,,,,,,,,,,,,
1129,301,524,636,747,836,903,969,,,,,,,,,,,,,,
1130,303,526,638,750,839,906,972,,,,,,,,,,,,,,
1131,306,529,641,753,842,910,975,,,,,,,,,,,,,,
1132,308,532,644,756,845,913,979,,,,,,,,,,,,,,
1133,310,534,647,759,848,916,982,,,,,,,,,,,,,,
1134,312,537,650,762,852,919,986,,,,,,,,,,,,,,
1135,315,540,653,765,855,923,989,,,,,,,,,,,,,,
1136,317,542,655,768,858,926,993,,,,,,,,,,,,,,
1137,319,545,658,771,861,929,996,,,,,,,,,,,,,,
1138,321,547,661,774,864,932,999,,,,,,,,,,,,,,
1139,324,550,664,777,867,936,1003,,,,,,,,,,,,,,
1140,326,553,667,780,870,939,1006,,,,,,,,,,,,,,
1141,328,555,670,783,874,942,1010,,,,,,,,,,,,,,
1142,330,558,672,786,877,945,1013,,,,,,,,,,,,,,
1143,332,560,675,789,880,948,1016,,,,,,,,,,,,,,
1144,335,563,678,792,883,952,1020,,,,,,,,,,,,,,
1145,337,566,681,795,886,955,1023,,,,,,,,,,,,,,
1146,339,568,684,798,889,958,1027,,,,,,,,,,,,,,
1147,341,571,687,801,892,961,1030,,,,,,,,,,,,,,
1148,344,574,689,804,896,965,1034,,,,,,,,,,,,,,
1149,346,576,692,807,899,968,1037,,,,,,,,,,,,,,
1150,348,579,695,810,902,971,1040,,,,,,,,,,,,,,
1151,350,581,698,813,905,974,1044,,,,,,,,,,,,,,
1152,353,584,701,816,908,977,1047,,,,,,,,,,,,,,
1153,355,587,703,819,911,981,1051,,,,,,,,,,,,,,
1154,357,589,706,822,914,984,1054,,,,,,,,,,,,,,
1155,359,592,709,825,918,987,1057,,,,,,,,,,,,,,
1156,362,594,712,828,921,990,1061,,,,,,,,,,,,,,
1157,364,598,715,832,925,994,1065,,,,,,,,,,,,,,
1158,367,601,719,835,928,998,1069,,,,,,,,,,,,,,
1159,370,604,722,839,932,1002,1073,,,,,,,,,,,,,,
1160,372,607,725,842,936,1006,1077,,,,,,,,,,,,,,
1161,375,610,728,846,940,1010,1081,,,,,,,,,,,,,,
1162,378,614,732,850,944,1014,1085,,,,,,,,,,,,,,
1163,380,617,735,853,947,1018,1089,,,,,,,,,,,,,,
1164,383,620,738,857,951,1022,1093,,,,,,,,,,,,,,
